pclass,sexo_mujer,age,sibsp,parch,tiene_cubierta,edad_faltante,tamano_familia,log_fare,embarked_Q,embarked_S,survived
0.8273772438659699,-0.7376951317802901,-0.5348911628688886,0.4327933656785018,-0.4736736092984604,-0.5431925437033205,-0.4978947274915307,0.059159876663617626,-0.8797405693934278,-0.3075623426146228,0.6158384251930635,0
-1.5661069258891576,1.3555735383351193,0.6683917564561223,0.4327933656785018,-0.4736736092984604,1.8409678328467216,-0.4978947274915307,0.059159876663617626,1.3612199269233833,-0.3075623426146228,-1.6238025415294657,1
0.8273772438659699,1.3555735383351193,-0.23407043303763592,-0.47454519624983954,-0.4736736092984604,-0.5431925437033205,-0.4978947274915307,-0.5609748304808925,-0.798539974052802,-0.3075623426146228,0.6158384251930635,1
-1.5661069258891576,1.3555735383351193,0.4427762090826827,0.4327933656785018,-0.4736736092984604,1.8409678328467216,-0.4978947274915307,0.059159876663617626,1.0620380556287106,-0.3075623426146228,0.6158384251930635,1
0.8273772438659699,-0.7376951317802901,0.4427762090826827,-0.47454519624983954,-0.4736736092984604,-0.5431925437033205,-0.4978947274915307,-0.5609748304808925,-0.7841792430073967,-0.3075623426146228,0.6158384251930635,0
0.8273772438659699,-0.7376951317802901,-0.3092756154954491,-0.47454519624983954,-0.4736736092984604,-0.5431925437033205,2.008456697338717,-0.5609748304808925,-0.7386163019798164,3.2513733362117265,-1.6238025415294657,0
-1.5661069258891576,-0.7376951317802901,1.8716746757811333,-0.47454519624983954,-0.4736736092984604,1.8409678328467216,-0.4978947274915307,-0.5609748304808925,1.038145562232327,-0.3075623426146228,0.6158384251930635,0
0.8273772438659699,-0.7376951317802901,-2.038994812025152,2.2474704895351842,0.7676298785983874,-0.5431925437033205,-0.4978947274915307,1.9195639980971482,0.1364991380659541,-0.3075623426146228,0.6158384251930635,0
0.8273772438659699,1.3555735383351193,-0.15886525057982273,-0.47454519624983954,2.0089333664952354,-0.5431925437033205,-0.4978947274915307,0.6792945838081278,-0.48145578049281335,-0.3075623426146228,0.6158384251930635,1
-0.3693648410115938,1.3555735383351193,-1.136532622531394,0.4327933656785018,-0.4736736092984604,-0.5431925437033205,-0.4978947274915307,0.059159876663617626,0.4894379098126231,-0.3075623426146228,-1.6238025415294657,1
0.8273772438659699,1.3555735383351193,-1.8885844471095259,0.4327933656785018,0.7676298785983874,1.8409678328467216,-0.4978947274915307,0.6792945838081278,-0.09156500424402261,-0.3075623426146228,0.6158384251930635,1
-1.5661069258891576,1.3555735383351193,2.172495405612386,-0.47454519624983954,-0.4736736092984604,1.8409678328467216,-0.4978947274915307,-0.5609748304808925,0.36526093570402607,-0.3075623426146228,0.6158384251930635,1
0.8273772438659699,-0.7376951317802901,-0.685301527784515,-0.47454519624983954,-0.4736736092984604,-0.5431925437033205,-0.4978947274915307,-0.5609748304808925,-0.7841792430073967,-0.3075623426146228,0.6158384251930635,0
0.8273772438659699,-0.7376951317802901,0.7435969389139355,0.4327933656785018,5.73284383018578,-0.5431925437033205,-0.4978947274915307,3.1598334123861687,0.5286989276421437,-0.3075623426146228,0.6158384251930635,0
0.8273772438659699,1.3555735383351193,-1.136532622531394,-0.47454519624983954,-0.4736736092984604,-0.5431925437033205,-0.4978947274915307,-0.5609748304808925,-0.806763380796033,-0.3075623426146228,0.6158384251930635,0
-0.3693648410115938,1.3555735383351193,1.9468798582389464,-0.47454519624983954,-0.4736736092984604,-0.5431925437033205,-0.4978947274915307,-0.5609748304808925,-0.13322852057373055,-0.3075623426146228,0.6158384251930635,1
0.8273772438659699,-0.7376951317802901,-2.038994812025152,3.1548090514635256,0.7676298785983874,-0.5431925437033205,-0.4978947274915307,2.5396987052416584,0.457519539438721,3.2513733362117265,-1.6238025415294657,0
-0.3693648410115938,-0.7376951317802901,0.06675029679361683,-0.47454519624983954,-0.4736736092984604,-0.5431925437033205,2.008456697338717,-0.5609748304808925,-0.3336984726090336,-0.3075623426146228,0.6158384251930635,1
0.8273772438659699,1.3555735383351193,0.14195547925143,0.4327933656785018,-0.4736736092984604,-0.5431925437033205,-0.4978947274915307,0.059159876663617626,-0.01838583697289204,-0.3075623426146228,0.6158384251930635,0
0.8273772438659699,1.3555735383351193,-0.5724937540977952,-0.47454519624983954,-0.4736736092984604,-0.5431925437033205,2.008456697338717,-0.5609748304808925,-0.8828741679067217,-0.3075623426146228,-1.6238025415294657,1
-0.3693648410115938,-0.7376951317802901,0.4427762090826827,-0.47454519624983954,-0.4736736092984604,-0.5431925437033205,-0.4978947274915307,-0.5609748304808925,0.3444394801955362,-0.3075623426146228,0.6158384251930635,0
-0.3693648410115938,-0.7376951317802901,0.36757102662486957,-0.47454519624983954,-0.4736736092984604,1.8409678328467216,-0.4978947274915307,-0.5609748304808925,-0.3336984726090336,-0.3075623426146228,0.6158384251930635,1
0.8273772438659699,1.3555735383351193,-1.061327440073581,-0.47454519624983954,-0.4736736092984604,-0.5431925437033205,-0.4978947274915307,-0.5609748304808925,-0.7865550587251358,3.2513733362117265,-1.6238025415294657,1
-1.5661069258891576,-0.7376951317802901,-0.08366006812200955,-0.47454519624983954,-0.4736736092984604,1.8409678328467216,-0.4978947274915307,-0.5609748304808925,0.6557188297748954,-0.3075623426146228,0.6158384251930635,1
0.8273772438659699,1.3555735383351193,-1.5877637172782733,2.2474704895351842,0.7676298785983874,-0.5431925437033205,-0.4978947274915307,1.9195639980971482,0.1364991380659541,-0.3075623426146228,0.6158384251930635,0
0.8273772438659699,1.3555735383351193,0.6683917564561223,0.4327933656785018,5.73284383018578,-0.5431925437033205,-0.4978947274915307,3.1598334123861687,0.5322916934007406,-0.3075623426146228,0.6158384251930635,1
0.8273772438659699,-0.7376951317802901,-0.3092756154954491,-0.47454519624983954,-0.4736736092984604,-0.5431925437033205,2.008456697338717,-0.5609748304808925,-0.8828741679067217,-0.3075623426146228,-1.6238025415294657,0
-1.5661069258891576,-0.7376951317802901,-0.7605067102423282,2.2474704895351842,2.0089333664952354,1.8409678328467216,-0.4978947274915307,2.5396987052416584,2.6987007794454887,-0.3075623426146228,0.6158384251930635,0
0.8273772438659699,1.3555735383351193,-0.5724937540977952,-0.47454519624983954,-0.4736736092984604,-0.5431925437033205,2.008456697338717,-0.5609748304808925,-0.8038521494426432,3.2513733362117265,-1.6238025415294657,1
0.8273772438659699,-0.7376951317802901,-0.3092756154954491,-0.47454519624983954,-0.4736736092984604,-0.5431925437033205,2.008456697338717,-0.5609748304808925,-0.8019236166026618,-0.3075623426146228,0.6158384251930635,0
-1.5661069258891576,-0.7376951317802901,0.8188021213717487,-0.47454519624983954,-0.4736736092984604,-0.5431925437033205,-0.4978947274915307,-0.5609748304808925,0.4082334475616762,-0.3075623426146228,-1.6238025415294657,0
-1.5661069258891576,1.3555735383351193,0.4427762090826827,0.4327933656785018,-0.4736736092984604,1.8409678328467216,2.008456697338717,0.059159876663617626,2.097794920021772,-0.3075623426146228,-1.6238025415294657,1
0.8273772438659699,1.3555735383351193,-0.5724937540977952,-0.47454519624983954,-0.4736736092984604,-0.5431925437033205,2.008456697338717,-0.5609748304808925,-0.8189865811572414,3.2513733362117265,-1.6238025415294657,1
-0.3693648410115938,-0.7376951317802901,2.7741368652748912,-0.47454519624983954,-0.4736736092984604,-0.5431925437033205,-0.4978947274915307,-0.5609748304808925,-0.5368057694182641,-0.3075623426146228,0.6158384251930635,0
-1.5661069258891576,-0.7376951317802901,-0.08366006812200955,0.4327933656785018,-0.4736736092984604,-0.5431925437033205,-0.4978947274915307,0.059159876663617626,1.5060857797883969,-0.3075623426146228,-1.6238025415294657,0
-1.5661069258891576,-0.7376951317802901,0.969212486287375,0.4327933656785018,-0.4736736092984604,-0.5431925437033205,-0.4978947274915307,0.059159876663617626,1.0408277503255374,-0.3075623426146228,0.6158384251930635,0
0.8273772438659699,-0.7376951317802901,-0.3092756154954491,-0.47454519624983954,-0.4736736092984604,-0.5431925437033205,2.008456697338717,-0.5609748304808925,-0.8823470582632056,-0.3075623426146228,-1.6238025415294657,1
0.8273772438659699,-0.7376951317802901,-0.6100963453267019,-0.47454519624983954,-0.4736736092984604,-0.5431925437033205,-0.4978947274915307,-0.5609748304808925,-0.7841792430073967,-0.3075623426146228,0.6158384251930635,0
0.8273772438659699,1.3555735383351193,-0.8357118927001413,1.340131927606843,-0.4736736092984604,-0.5431925437033205,-0.4978947274915307,0.6792945838081278,-0.01838583697289204,-0.3075623426146228,0.6158384251930635,0
0.8273772438659699,1.3555735383351193,-1.136532622531394,0.4327933656785018,-0.4736736092984604,-0.5431925437033205,-0.4978947274915307,0.059159876663617626,-0.47227211715402734,-0.3075623426146228,-1.6238025415294657,1
0.8273772438659699,1.3555735383351193,0.8188021213717487,0.4327933656785018,-0.4736736092984604,-0.5431925437033205,-0.4978947274915307,0.059159876663617626,-0.6331972544104215,-0.3075623426146228,0.6158384251930635,0
-0.3693648410115938,1.3555735383351193,-0.15886525057982273,0.4327933656785018,-0.4736736092984604,-0.5431925437033205,-0.4978947274915307,0.059159876663617626,0.1329851701219792,-0.3075623426146228,0.6158384251930635,0
0.8273772438659699,-0.7376951317802901,-0.3092756154954491,-0.47454519624983954,-0.4736736092984604,-0.5431925437033205,2.008456697338717,-0.5609748304808925,-0.8019236166026618,-0.3075623426146228,-1.6238025415294657,0
-0.3693648410115938,1.3555735383351193,-1.9637896295673392,0.4327933656785018,2.0089333664952354,-0.5431925437033205,-0.4978947274915307,1.299429290952638,0.8147822510349934,-0.3075623426146228,-1.6238025415294657,1
0.8273772438659699,1.3555735383351193,-0.7605067102423282,-0.47454519624983954,-0.4736736092984604,-0.5431925437033205,-0.4978947274915307,-0.5609748304808925,-0.8038521494426432,3.2513733362117265,-1.6238025415294657,1
0.8273772438659699,-0.7376951317802901,-0.3092756154954491,-0.47454519624983954,-0.4736736092984604,-0.5431925437033205,2.008456697338717,-0.5609748304808925,-0.7841792430073967,-0.3075623426146228,0.6158384251930635,0
0.8273772438659699,-0.7376951317802901,-0.3092756154954491,0.4327933656785018,-0.4736736092984604,-0.5431925437033205,2.008456697338717,0.059159876663617626,-0.16405229962564447,3.2513733362117265,-1.6238025415294657,0
0.8273772438659699,1.3555735383351193,-0.5724937540977952,-0.47454519624983954,-0.4736736092984604,-0.5431925437033205,2.008456697338717,-0.5609748304808925,-0.8189865811572414,3.2513733362117265,-1.6238025415294657,1
0.8273772438659699,-0.7376951317802901,-0.3092756154954491,1.340131927606843,-0.4736736092984604,-0.5431925437033205,2.008456697338717,0.6792945838081278,0.16437971416667366,-0.3075623426146228,-1.6238025415294657,0
0.8273772438659699,1.3555735383351193,-0.8357118927001413,0.4327933656785018,-0.4736736092984604,-0.5431925437033205,-0.4978947274915307,0.059159876663617626,-0.029312075627065143,-0.3075623426146228,0.6158384251930635,0
0.8273772438659699,-0.7376951317802901,-1.6629688997360863,3.1548090514635256,0.7676298785983874,-0.5431925437033205,-0.4978947274915307,2.5396987052416584,0.7678594338107121,-0.3075623426146228,0.6158384251930635,0
0.8273772438659699,-0.7376951317802901,-0.6100963453267019,-0.47454519624983954,-0.4736736092984604,-0.5431925437033205,-0.4978947274915307,-0.5609748304808925,-0.8131032608653792,-0.3075623426146228,0.6158384251930635,0
-1.5661069258891576,1.3555735383351193,1.4956487634920672,0.4327933656785018,-0.4736736092984604,1.8409678328467216,-0.4978947274915307,0.059159876663617626,1.4362199751817062,-0.3075623426146228,-1.6238025415294657,1
-0.3693648410115938,1.3555735383351193,-0.008454885664196365,0.4327933656785018,-0.4736736092984604,-0.5431925437033205,-0.4978947274915307,0.059159876663617626,0.3444394801955362,-0.3075623426146228,0.6158384251930635,1
-1.5661069258891576,-0.7376951317802901,2.6989316828170784,-0.47454519624983954,0.7676298785983874,1.8409678328467216,-0.4978947274915307,0.059159876663617626,1.2189504454470093,-0.3075623426146228,-1.6238025415294657,0
-1.5661069258891576,-0.7376951317802901,0.8188021213717487,-0.47454519624983954,-0.4736736092984604,1.8409678328467216,2.008456697338717,-0.5609748304808925,0.6557188297748954,-0.3075623426146228,0.6158384251930635,1
-0.3693648410115938,1.3555735383351193,-0.6100963453267019,-0.47454519624983954,-0.4736736092984604,-0.5431925437033205,-0.4978947274915307,-0.5609748304808925,-0.5368057694182641,-0.3075623426146228,0.6158384251930635,1
0.8273772438659699,-0.7376951317802901,-0.04605747689310296,-0.47454519624983954,-0.4736736092984604,-0.5431925437033205,-0.4978947274915307,-0.5609748304808925,-0.8823470582632056,-0.3075623426146228,-1.6238025415294657,0
-0.3693648410115938,1.3555735383351193,-1.8133792646517128,0.4327933656785018,2.0089333664952354,-0.5431925437033205,-0.4978947274915307,1.299429290952638,0.40928266156909443,-0.3075623426146228,0.6158384251930635,1
0.8273772438659699,-0.7376951317802901,-1.3621481699048337,4.0621476133918675,2.0089333664952354,-0.5431925437033205,-0.4978947274915307,3.779968119530679,0.936361092700485,-0.3075623426146228,0.6158384251930635,0
0.8273772438659699,-0.7376951317802901,-0.5348911628688886,-0.47454519624983954,-0.4736736092984604,-0.5431925437033205,-0.4978947274915307,-0.5609748304808925,-0.8823470582632056,-0.3075623426146228,-1.6238025415294657,0
-1.5661069258891576,1.3555735383351193,0.6683917564561223,-0.47454519624983954,-0.4736736092984604,1.8409678328467216,-0.4978947274915307,-0.5609748304808925,1.4787785499834798,-0.3075623426146228,0.6158384251930635,1
-1.5661069258891576,-0.7376951317802901,1.1948280336608146,0.4327933656785018,-0.4736736092984604,1.8409678328467216,-0.4978947274915307,0.059159876663617626,1.5221510751129648,-0.3075623426146228,0.6158384251930635,0
0.8273772438659699,-0.7376951317802901,-1.8885844471095259,2.2474704895351842,2.0089333664952354,-0.5431925437033205,-0.4978947274915307,2.5396987052416584,0.4146557174979072,-0.3075623426146228,0.6158384251930635,0
-1.5661069258891576,-0.7376951317802901,0.8188021213717487,-0.47454519624983954,-0.4736736092984604,-0.5431925437033205,2.008456697338717,-0.5609748304808925,0.4082334475616762,-0.3075623426146228,-1.6238025415294657,0
0.8273772438659699,-0.7376951317802901,-0.3092756154954491,0.4327933656785018,0.7676298785983874,-0.5431925437033205,2.008456697338717,0.6792945838081278,-0.1800831698720664,-0.3075623426146228,-1.6238025415294657,1
-0.3693648410115938,1.3555735383351193,-0.008454885664196365,-0.47454519624983954,-0.4736736092984604,1.8409678328467216,-0.4978947274915307,-0.5609748304808925,-0.5368057694182641,-0.3075623426146228,0.6158384251930635,1
0.8273772438659699,-0.7376951317802901,-0.7605067102423282,-0.47454519624983954,-0.4736736092984604,-0.5431925437033205,-0.4978947274915307,-0.5609748304808925,-0.7718965778779472,-0.3075623426146228,0.6158384251930635,0
0.8273772438659699,1.3555735383351193,-0.9109170751579546,3.1548090514635256,2.0089333664952354,-0.5431925437033205,-0.4978947274915307,3.1598334123861687,-0.798539974052802,-0.3075623426146228,0.6158384251930635,1
0.8273772438659699,-0.7376951317802901,-0.23407043303763592,1.340131927606843,-0.4736736092984604,-0.5431925437033205,-0.4978947274915307,0.6792945838081278,-0.7165619336211217,-0.3075623426146228,0.6158384251930635,0
-0.3693648410115938,-0.7376951317802901,0.2171606617092432,-0.47454519624983954,-0.4736736092984604,-0.5431925437033205,-0.4978947274915307,-0.5609748304808925,-0.5368057694182641,-0.3075623426146228,0.6158384251930635,0
0.8273772438659699,1.3555735383351193,-0.9861222576157678,4.0621476133918675,2.0089333664952354,-0.5431925437033205,-0.4978947274915307,3.779968119530679,0.936361092700485,-0.3075623426146228,0.6158384251930635,0
-0.3693648410115938,-0.7376951317802901,-0.6100963453267019,-0.47454519624983954,-0.4736736092984604,-0.5431925437033205,-0.4978947274915307,-0.5609748304808925,1.3924082286355355,-0.3075623426146228,0.6158384251930635,0
0.8273772438659699,-0.7376951317802901,-0.23407043303763592,0.4327933656785018,-0.4736736092984604,-0.5431925437033205,-0.4978947274915307,0.059159876663617626,-0.23166125968823223,-0.3075623426146228,-1.6238025415294657,0
0.8273772438659699,-0.7376951317802901,0.2171606617092432,-0.47454519624983954,-0.4736736092984604,-0.5431925437033205,-0.4978947274915307,-0.5609748304808925,1.1248955097361604,-0.3075623426146228,0.6158384251930635,1
0.8273772438659699,-0.7376951317802901,-0.3092756154954491,-0.47454519624983954,-0.4736736092984604,1.8409678328467216,-0.4978947274915307,-0.5609748304808925,-0.830854756854953,-0.3075623426146228,0.6158384251930635,0
0.8273772438659699,-0.7376951317802901,-0.3092756154954491,-0.47454519624983954,-0.4736736092984604,-0.5431925437033205,2.008456697338717,-0.5609748304808925,-0.8019236166026618,-0.3075623426146228,0.6158384251930635,0
0.8273772438659699,-0.7376951317802901,-0.3092756154954491,-0.47454519624983954,-0.4736736092984604,-0.5431925437033205,2.008456697338717,-0.5609748304808925,-0.7841792430073967,-0.3075623426146228,0.6158384251930635,0
-0.3693648410115938,-0.7376951317802901,-2.126984875500794,-0.47454519624983954,2.0089333664952354,-0.5431925437033205,-0.4978947274915307,0.6792945838081278,0.4532263111425748,-0.3075623426146228,0.6158384251930635,1
0.8273772438659699,1.3555735383351193,0.06675029679361683,-0.47454519624983954,-0.4736736092984604,-0.5431925437033205,-0.4978947274915307,-0.5609748304808925,-0.37316263612134226,-0.3075623426146228,0.6158384251930635,1
0.8273772438659699,-0.7376951317802901,-0.5348911628688886,-0.47454519624983954,-0.4736736092984604,-0.5431925437033205,-0.4978947274915307,-0.5609748304808925,-0.6811127586453682,-0.3075623426146228,0.6158384251930635,0
0.8273772438659699,-0.7376951317802901,-0.008454885664196365,-0.47454519624983954,-0.4736736092984604,-0.5431925437033205,-0.4978947274915307,-0.5609748304808925,-0.6307359423566569,-0.3075623426146228,0.6158384251930635,1
0.8273772438659699,1.3555735383351193,-0.5724937540977952,-0.47454519624983954,-0.4736736092984604,-0.5431925437033205,2.008456697338717,-0.5609748304808925,-0.8145709511162281,3.2513733362117265,-1.6238025415294657,1
-1.5661069258891576,-0.7376951317802901,-0.08366006812200955,-0.47454519624983954,-0.4736736092984604,-0.5431925437033205,-0.4978947274915307,-0.5609748304808925,0.940663265248102,-0.3075623426146228,0.6158384251930635,0
-0.3693648410115938,1.3555735383351193,-0.9109170751579546,-0.47454519624983954,-0.4736736092984604,-0.5431925437033205,-0.4978947274915307,-0.5609748304808925,-0.5368057694182641,-0.3075623426146228,0.6158384251930635,1
0.8273772438659699,1.3555735383351193,0.29236584416705635,2.2474704895351842,-0.4736736092984604,-0.5431925437033205,-0.4978947274915307,1.299429290952638,-0.1423794216910609,-0.3075623426146228,0.6158384251930635,1
0.8273772438659699,-0.7376951317802901,-0.9861222576157678,0.4327933656785018,3.250236854392083,-0.5431925437033205,-0.4978947274915307,1.9195639980971482,0.6233938271906204,-0.3075623426146228,0.6158384251930635,0
0.8273772438659699,-0.7376951317802901,-0.3092756154954491,-0.47454519624983954,-0.4736736092984604,-0.5431925437033205,2.008456697338717,-0.5609748304808925,-0.7841792430073967,-0.3075623426146228,0.6158384251930635,0
-1.5661069258891576,1.3555735383351193,-0.45968598041107545,2.2474704895351842,2.0089333664952354,1.8409678328467216,-0.4978947274915307,2.5396987052416584,2.6987007794454887,-0.3075623426146228,0.6158384251930635,1
0.8273772438659699,-0.7376951317802901,-0.3844807979532623,-0.47454519624983954,-0.4736736092984604,-0.5431925437033205,-0.4978947274915307,-0.5609748304808925,-0.7841792430073967,-0.3075623426146228,0.6158384251930635,0
0.8273772438659699,-0.7376951317802901,-0.008454885664196365,-0.47454519624983954,-0.4736736092984604,-0.5431925437033205,-0.4978947274915307,-0.5609748304808925,-0.7841792430073967,-0.3075623426146228,0.6158384251930635,0
0.8273772438659699,-0.7376951317802901,-0.685301527784515,-0.47454519624983954,-0.4736736092984604,-0.5431925437033205,-0.4978947274915307,-0.5609748304808925,-0.806763380796033,-0.3075623426146228,0.6158384251930635,0
-1.5661069258891576,-0.7376951317802901,1.2700332161186279,0.4327933656785018,-0.4736736092984604,1.8409678328467216,-0.4978947274915307,0.059159876663617626,1.2056809915054134,-0.3075623426146228,0.6158384251930635,0
0.8273772438659699,-0.7376951317802901,-0.23407043303763592,0.4327933656785018,2.0089333664952354,-0.5431925437033205,-0.4978947274915307,1.299429290952638,0.11284358066326507,-0.3075623426146228,0.6158384251930635,0
0.8273772438659699,-0.7376951317802901,2.2477005880701992,-0.47454519624983954,-0.4736736092984604,-0.5431925437033205,-0.4978947274915307,-0.5609748304808925,-0.8797405693934278,-0.3075623426146228,0.6158384251930635,0
0.8273772438659699,-0.7376951317802901,-0.3092756154954491,-0.47454519624983954,-0.4736736092984604,-0.5431925437033205,2.008456697338717,-0.5609748304808925,-0.7841792430073967,-0.3075623426146228,0.6158384251930635,0
-1.5661069258891576,-0.7376951317802901,3.1501627775639576,-0.47454519624983954,-0.4736736092984604,1.8409678328467216,-0.4978947274915307,-0.5609748304808925,0.6315110816648204,-0.3075623426146228,-1.6238025415294657,0
-1.5661069258891576,-0.7376951317802901,-0.45968598041107545,-0.47454519624983954,0.7676298785983874,1.8409678328467216,-0.4978947274915307,0.059159876663617626,1.241316266924983,-0.3075623426146228,-1.6238025415294657,1
-0.3693648410115938,1.3555735383351193,0.36757102662486957,-0.47454519624983954,0.7676298785983874,-0.5431925437033205,-0.4978947274915307,0.059159876663617626,0.2228261499229997,-0.3075623426146228,0.6158384251930635,1
-0.3693648410115938,-0.7376951317802901,0.36757102662486957,0.4327933656785018,-0.4736736092984604,-0.5431925437033205,-0.4978947274915307,0.059159876663617626,0.3444394801955362,-0.3075623426146228,0.6158384251930635,0
0.8273772438659699,1.3555735383351193,-0.08366006812200955,-0.47454519624983954,-0.4736736092984604,-0.5431925437033205,-0.4978947274915307,-0.5609748304808925,-0.8019236166026618,-0.3075623426146228,0.6158384251930635,0
0.8273772438659699,-0.7376951317802901,-0.3092756154954491,-0.47454519624983954,-0.4736736092984604,-0.5431925437033205,2.008456697338717,-0.5609748304808925,-0.8019236166026618,-0.3075623426146228,0.6158384251930635,0
-1.5661069258891576,-0.7376951317802901,-0.6100963453267019,-0.47454519624983954,0.7676298785983874,1.8409678328467216,-0.4978947274915307,0.059159876663617626,1.443609675522841,-0.3075623426146228,0.6158384251930635,0
0.8273772438659699,-0.7376951317802901,0.29236584416705635,-0.47454519624983954,-0.4736736092984604,-0.5431925437033205,-0.4978947274915307,-0.5609748304808925,-0.7174492400289059,-0.3075623426146228,0.6158384251930635,0
0.8273772438659699,-0.7376951317802901,0.5931865739983091,1.340131927606843,-0.4736736092984604,-0.5431925437033205,-0.4978947274915307,0.6792945838081278,-0.798539974052802,-0.3075623426146228,0.6158384251930635,0
0.8273772438659699,-0.7376951317802901,-0.08366006812200955,-0.47454519624983954,-0.4736736092984604,-0.5431925437033205,-0.4978947274915307,-0.5609748304808925,-0.8019236166026618,-0.3075623426146228,0.6158384251930635,0
0.8273772438659699,1.3555735383351193,-0.6100963453267019,-0.47454519624983954,-0.4736736092984604,-0.5431925437033205,-0.4978947274915307,-0.5609748304808925,-0.830854756854953,-0.3075623426146228,0.6158384251930635,1
0.8273772438659699,-0.7376951317802901,-0.3092756154954491,-0.47454519624983954,-0.4736736092984604,-0.5431925437033205,2.008456697338717,-0.5609748304808925,-0.8160407306065733,-0.3075623426146228,0.6158384251930635,1
0.8273772438659699,-0.7376951317802901,0.6683917564561223,-0.47454519624983954,-0.4736736092984604,-0.5431925437033205,-0.4978947274915307,-0.5609748304808925,-0.8019236166026618,-0.3075623426146228,0.6158384251930635,0
0.8273772438659699,1.3555735383351193,-0.5724937540977952,0.4327933656785018,-0.4736736092984604,-0.5431925437033205,2.008456697338717,0.059159876663617626,0.2711522804976662,3.2513733362117265,-1.6238025415294657,1
-1.5661069258891576,-0.7376951317802901,1.345238398576441,-0.47454519624983954,-0.4736736092984604,1.8409678328467216,-0.4978947274915307,-0.5609748304808925,1.0408277503255374,-0.3075623426146228,0.6158384251930635,0
0.8273772438659699,1.3555735383351193,-1.0989300313024875,0.4327933656785018,-0.4736736092984604,-0.5431925437033205,-0.4978947274915307,0.059159876663617626,-0.23166125968823223,-0.3075623426146228,-1.6238025415294657,0
0.8273772438659699,-0.7376951317802901,-0.5348911628688886,-0.47454519624983954,-0.4736736092984604,-0.5431925437033205,-0.4978947274915307,-0.5609748304808925,-0.7841792430073967,-0.3075623426146228,0.6158384251930635,0
0.8273772438659699,1.3555735383351193,-0.685301527784515,0.4327933656785018,-0.4736736092984604,-0.5431925437033205,-0.4978947274915307,0.059159876663617626,-0.5992616204389827,-0.3075623426146228,0.6158384251930635,0
0.8273772438659699,1.3555735383351193,-0.9109170751579546,-0.47454519624983954,-0.4736736092984604,-0.5431925437033205,-0.4978947274915307,-0.5609748304808925,-0.23138736843472296,-0.3075623426146228,-1.6238025415294657,0
0.8273772438659699,-0.7376951317802901,-0.6100963453267019,-0.47454519624983954,-0.4736736092984604,-0.5431925437033205,-0.4978947274915307,-0.5609748304808925,-0.798539974052802,-0.3075623426146228,0.6158384251930635,0
0.8273772438659699,-0.7376951317802901,3.1125601863350507,-0.47454519624983954,-0.4736736092984604,-0.5431925437033205,-0.4978947274915307,-0.5609748304808925,-0.8189865811572414,3.2513733362117265,-1.6238025415294657,0
-0.3693648410115938,-0.7376951317802901,-0.008454885664196365,0.4327933656785018,-0.4736736092984604,-0.5431925437033205,-0.4978947274915307,0.059159876663617626,0.1329851701219792,-0.3075623426146228,0.6158384251930635,0
-1.5661069258891576,-0.7376951317802901,-0.3844807979532623,-0.47454519624983954,0.7676298785983874,1.8409678328467216,-0.4978947274915307,0.059159876663617626,2.6363132839087284,-0.3075623426146228,-1.6238025415294657,0
0.8273772438659699,1.3555735383351193,-2.038994812025152,3.1548090514635256,2.0089333664952354,-0.5431925437033205,-0.4978947274915307,3.1598334123861687,0.5286989276421437,-0.3075623426146228,0.6158384251930635,0
-0.3693648410115938,-0.7376951317802901,-0.6100963453267019,1.340131927606843,-0.4736736092984604,-0.5431925437033205,-0.4978947274915307,0.6792945838081278,1.3924082286355355,-0.3075623426146228,0.6158384251930635,0
0.8273772438659699,-0.7376951317802901,-0.3092756154954491,-0.47454519624983954,-0.4736736092984604,-0.5431925437033205,2.008456697338717,-0.5609748304808925,-0.7841792430073967,-0.3075623426146228,0.6158384251930635,0
-0.3693648410115938,-0.7376951317802901,0.2547632529381498,0.4327933656785018,-0.4736736092984604,-0.5431925437033205,-0.4978947274915307,0.059159876663617626,0.4894379098126231,-0.3075623426146228,-1.6238025415294657,0
-0.3693648410115938,1.3555735383351193,0.2547632529381498,-0.47454519624983954,-0.4736736092984604,1.8409678328467216,-0.4978947274915307,-0.5609748304808925,-0.3336984726090336,-0.3075623426146228,0.6158384251930635,1
-1.5661069258891576,-0.7376951317802901,1.8716746757811333,-0.47454519624983954,0.7676298785983874,1.8409678328467216,-0.4978947274915307,0.059159876663617626,1.443609675522841,-0.3075623426146228,0.6158384251930635,0
0.8273772438659699,-0.7376951317802901,-1.2869429874470204,0.4327933656785018,-0.4736736092984604,-0.5431925437033205,-0.4978947274915307,0.059159876663617626,-0.47227211715402734,-0.3075623426146228,-1.6238025415294657,1
0.8273772438659699,-0.7376951317802901,-0.3092756154954491,-0.47454519624983954,-0.4736736092984604,-0.5431925437033205,2.008456697338717,-0.5609748304808925,-0.8189865811572414,3.2513733362117265,-1.6238025415294657,0
0.8273772438659699,-0.7376951317802901,-0.3844807979532623,-0.47454519624983954,-0.4736736092984604,-0.5431925437033205,-0.4978947274915307,-0.5609748304808925,-0.8933844909173265,-0.3075623426146228,0.6158384251930635,1
0.8273772438659699,1.3555735383351193,-0.5724937540977952,0.4327933656785018,0.7676298785983874,1.8409678328467216,2.008456697338717,0.6792945838081278,0.19484336402527688,-0.3075623426146228,-1.6238025415294657,1
0.8273772438659699,-0.7376951317802901,1.1948280336608146,-0.47454519624983954,-0.4736736092984604,-0.5431925437033205,-0.4978947274915307,-0.5609748304808925,-0.9147445967366699,-0.3075623426146228,0.6158384251930635,0
0.8273772438659699,-0.7376951317802901,0.29236584416705635,-0.47454519624983954,-0.4736736092984604,-0.5431925437033205,-0.4978947274915307,-0.5609748304808925,-0.8019236166026618,-0.3075623426146228,-1.6238025415294657,0
0.8273772438659699,-0.7376951317802901,-0.685301527784515,-0.47454519624983954,-0.4736736092984604,-0.5431925437033205,-0.4978947274915307,-0.5609748304808925,-0.9050797531497122,-0.3075623426146228,0.6158384251930635,0
0.8273772438659699,1.3555735383351193,1.345238398576441,0.4327933656785018,-0.4736736092984604,-0.5431925437033205,-0.4978947274915307,0.059159876663617626,-0.2286058134653583,-0.3075623426146228,0.6158384251930635,0
-0.3693648410115938,1.3555735383351193,-0.008454885664196365,0.4327933656785018,-0.4736736092984604,-0.5431925437033205,-0.4978947274915307,0.059159876663617626,0.3444394801955362,-0.3075623426146228,0.6158384251930635,1
-0.3693648410115938,-0.7376951317802901,-0.3092756154954491,-0.47454519624983954,-0.4736736092984604,-0.5431925437033205,-0.4978947274915307,-0.5609748304808925,-0.3336984726090336,-0.3075623426146228,0.6158384251930635,0
-0.3693648410115938,-0.7376951317802901,-0.45968598041107545,-0.47454519624983954,-0.4736736092984604,-0.5431925437033205,-0.4978947274915307,-0.5609748304808925,-0.19287328396337328,-0.3075623426146228,-1.6238025415294657,0
-1.5661069258891576,1.3555735383351193,-0.7605067102423282,-0.47454519624983954,2.0089333664952354,1.8409678328467216,-0.4978947274915307,0.6792945838081278,0.3552168481314282,-0.3075623426146228,0.6158384251930635,1
-1.5661069258891576,-0.7376951317802901,0.5931865739983091,0.4327933656785018,-0.4736736092984604,1.8409678328467216,-0.4978947274915307,0.059159876663617626,1.0620380556287106,-0.3075623426146228,0.6158384251930635,0
0.8273772438659699,-0.7376951317802901,-0.9861222576157678,-0.47454519624983954,-0.4736736092984604,-0.5431925437033205,-0.4978947274915307,-0.5609748304808925,-0.6589770356240848,-0.3075623426146228,0.6158384251930635,0
-1.5661069258891576,-0.7376951317802901,-0.3844807979532623,-0.47454519624983954,-0.4736736092984604,1.8409678328467216,-0.4978947274915307,-0.5609748304808925,1.4685301291949246,-0.3075623426146228,-1.6238025415294657,0
0.8273772438659699,1.3555735383351193,-0.5724937540977952,-0.47454519624983954,2.0089333664952354,-0.5431925437033205,2.008456697338717,0.6792945838081278,-0.1800831698720664,-0.3075623426146228,-1.6238025415294657,0
0.8273772438659699,1.3555735383351193,-0.5348911628688886,-0.47454519624983954,-0.4736736092984604,-0.5431925437033205,-0.4978947274915307,-0.5609748304808925,-0.8189865811572414,-0.3075623426146228,0.6158384251930635,1
0.8273772438659699,1.3555735383351193,-0.3844807979532623,0.4327933656785018,-0.4736736092984604,-0.5431925437033205,-0.4978947274915307,0.059159876663617626,-0.1423794216910609,-0.3075623426146228,0.6158384251930635,1
0.8273772438659699,-0.7376951317802901,-0.7605067102423282,-0.47454519624983954,-0.4736736092984604,-0.5431925437033205,-0.4978947274915307,-0.5609748304808925,-0.9442940832331417,3.2513733362117265,-1.6238025415294657,0
-0.3693648410115938,-0.7376951317802901,-0.8357118927001413,-0.47454519624983954,-0.4736736092984604,-0.5431925437033205,-0.4978947274915307,-0.5609748304808925,-0.4507125974257932,-0.3075623426146228,0.6158384251930635,0
-0.3693648410115938,-0.7376951317802901,-0.7605067102423282,0.4327933656785018,0.7676298785983874,-0.5431925437033205,-0.4978947274915307,0.6792945838081278,0.6904870950626278,-0.3075623426146228,0.6158384251930635,0
0.8273772438659699,-0.7376951317802901,-0.15886525057982273,-0.47454519624983954,-0.4736736092984604,-0.5431925437033205,-0.4978947274915307,-0.5609748304808925,-0.8135961720983267,-0.3075623426146228,0.6158384251930635,1
0.8273772438659699,1.3555735383351193,-1.51255853482046,1.340131927606843,2.0089333664952354,-0.5431925437033205,-0.4978947274915307,1.9195639980971482,0.6233938271906204,-0.3075623426146228,0.6158384251930635,0
-0.3693648410115938,-0.7376951317802901,0.5555839827694025,-0.47454519624983954,2.0089333664952354,1.8409678328467216,-0.4978947274915307,0.6792945838081278,0.3444394801955362,-0.3075623426146228,0.6158384251930635,0
-0.3693648410115938,-0.7376951317802901,0.969212486287375,-0.47454519624983954,-0.4736736092984604,-0.5431925437033205,-0.4978947274915307,-0.5609748304808925,-0.3336984726090336,-0.3075623426146228,0.6158384251930635,0
-0.3693648410115938,-0.7376951317802901,1.6460591284076938,-0.47454519624983954,-0.4736736092984604,-0.5431925437033205,-0.4978947274915307,-0.5609748304808925,-0.3693384839068557,-0.3075623426146228,0.6158384251930635,0
-1.5661069258891576,1.3555735383351193,-0.5348911628688886,0.4327933656785018,-0.4736736092984604,1.8409678328467216,-0.4978947274915307,0.059159876663617626,1.2920564383571118,-0.3075623426146228,0.6158384251930635,1
0.8273772438659699,-0.7376951317802901,1.984482449467853,-0.47454519624983954,-0.4736736092984604,-0.5431925437033205,-0.4978947274915307,-0.5609748304808925,-0.7841792430073967,-0.3075623426146228,0.6158384251930635,0
0.8273772438659699,-0.7376951317802901,0.8564047126006552,-0.47454519624983954,2.0089333664952354,-0.5431925437033205,-0.4978947274915307,0.6792945838081278,-0.2286058134653583,-0.3075623426146228,0.6158384251930635,0
0.8273772438659699,-0.7376951317802901,-0.3092756154954491,-0.47454519624983954,-0.4736736092984604,-0.5431925437033205,2.008456697338717,-0.5609748304808925,-0.8719479292525482,-0.3075623426146228,0.6158384251930635,0
-1.5661069258891576,-0.7376951317802901,1.6460591284076938,-0.47454519624983954,0.7676298785983874,-0.5431925437033205,-0.4978947274915307,0.059159876663617626,1.2090665177433995,-0.3075623426146228,-1.6238025415294657,0
0.8273772438659699,1.3555735383351193,-0.9861222576157678,-0.47454519624983954,-0.4736736092984604,-0.5431925437033205,-0.4978947274915307,-0.5609748304808925,-0.8209591021193487,3.2513733362117265,-1.6238025415294657,1
0.8273772438659699,-0.7376951317802901,0.06675029679361683,-0.47454519624983954,-0.4736736092984604,-0.5431925437033205,-0.4978947274915307,-0.5609748304808925,-0.7841792430073967,-0.3075623426146228,0.6158384251930635,0
0.8273772438659699,-0.7376951317802901,-0.3092756154954491,-0.47454519624983954,-0.4736736092984604,-0.5431925437033205,2.008456697338717,-0.5609748304808925,-0.7165619336211217,-0.3075623426146228,0.6158384251930635,0
0.8273772438659699,-0.7376951317802901,-0.3092756154954491,6.784163299176891,2.0089333664952354,-0.5431925437033205,2.008456697338717,5.64037224096421,1.3361591794576348,-0.3075623426146228,0.6158384251930635,0
0.8273772438659699,-0.7376951317802901,1.1196228512030013,-0.47454519624983954,0.7676298785983874,-0.5431925437033205,-0.4978947274915307,0.059159876663617626,-0.12717266791993012,-0.3075623426146228,0.6158384251930635,0
-0.3693648410115938,1.3555735383351193,0.8188021213717487,-0.47454519624983954,-0.4736736092984604,-0.5431925437033205,-0.4978947274915307,-0.5609748304808925,-0.1485253917280838,-0.3075623426146228,0.6158384251930635,1
0.8273772438659699,-0.7376951317802901,-0.23407043303763592,-0.47454519624983954,-0.4736736092984604,-0.5431925437033205,-0.4978947274915307,-0.5609748304808925,-0.8160407306065733,-0.3075623426146228,0.6158384251930635,0
0.8273772438659699,-0.7376951317802901,-0.9109170751579546,-0.47454519624983954,-0.4736736092984604,-0.5431925437033205,-0.4978947274915307,-0.5609748304808925,-0.7165619336211217,-0.3075623426146228,0.6158384251930635,0
0.8273772438659699,-0.7376951317802901,-2.1141999944829655,3.1548090514635256,0.7676298785983874,-0.5431925437033205,-0.4978947274915307,2.5396987052416584,0.7678594338107121,-0.3075623426146228,0.6158384251930635,0
0.8273772438659699,-0.7376951317802901,-1.51255853482046,-0.47454519624983954,2.0089333664952354,-0.5431925437033205,-0.4978947274915307,0.6792945838081278,0.11044794172866994,-0.3075623426146228,0.6158384251930635,1
-1.5661069258891576,1.3555735383351193,0.4427762090826827,-0.47454519624983954,0.7676298785983874,1.8409678328467216,2.008456697338717,0.059159876663617626,1.0976780669265336,-0.3075623426146228,0.6158384251930635,1
0.8273772438659699,1.3555735383351193,1.1948280336608146,0.4327933656785018,4.491540342288931,-0.5431925437033205,-0.4978947274915307,2.5396987052416584,0.4146557174979072,-0.3075623426146228,0.6158384251930635,0
-1.5661069258891576,-0.7376951317802901,0.8188021213717487,-0.47454519624983954,-0.4736736092984604,-0.5431925437033205,2.008456697338717,-0.5609748304808925,0.34156737843370105,-0.3075623426146228,0.6158384251930635,0
0.8273772438659699,-0.7376951317802901,-0.08366006812200955,-0.47454519624983954,-0.4736736092984604,-0.5431925437033205,-0.4978947274915307,-0.5609748304808925,1.1248955097361604,-0.3075623426146228,0.6158384251930635,0
-1.5661069258891576,-0.7376951317802901,2.3981109529858253,-0.47454519624983954,-0.4736736092984604,1.8409678328467216,-0.4978947274915307,-0.5609748304808925,0.5975333003696796,-0.3075623426146228,0.6158384251930635,0
0.8273772438659699,-0.7376951317802901,-1.8885844471095259,3.1548090514635256,0.7676298785983874,-0.5431925437033205,-0.4978947274915307,2.5396987052416584,0.457519539438721,3.2513733362117265,-1.6238025415294657,0
0.8273772438659699,1.3555735383351193,-2.1141999944829655,0.4327933656785018,0.7676298785983874,-0.5431925437033205,-0.4978947274915307,0.6792945838081278,-0.48145578049281335,-0.3075623426146228,0.6158384251930635,1
0.8273772438659699,-0.7376951317802901,-0.6100963453267019,-0.47454519624983954,-0.4736736092984604,-0.5431925437033205,-0.4978947274915307,-0.5609748304808925,-0.798539974052802,-0.3075623426146228,0.6158384251930635,0
-1.5661069258891576,-0.7376951317802901,2.0220850406967594,-0.47454519624983954,-0.4736736092984604,1.8409678328467216,-0.4978947274915307,-0.5609748304808925,0.5100012756239033,-0.3075623426146228,-1.6238025415294657,0
0.8273772438659699,-0.7376951317802901,-0.8357118927001413,0.4327933656785018,0.7676298785983874,-0.5431925437033205,-0.4978947274915307,0.6792945838081278,-0.806763380796033,-0.3075623426146228,0.6158384251930635,0
0.8273772438659699,-0.7376951317802901,-0.3092756154954491,2.2474704895351842,0.7676298785983874,-0.5431925437033205,2.008456697338717,1.9195639980971482,0.32384119624754826,-0.3075623426146228,0.6158384251930635,0
-1.5661069258891576,1.3555735383351193,1.5708539459498805,-0.47454519624983954,-0.4736736092984604,1.8409678328467216,-0.4978947274915307,-0.5609748304808925,0.4432836100273541,-0.3075623426146228,-1.6238025415294657,0
-0.3693648410115938,-0.7376951317802901,0.06675029679361683,-0.47454519624983954,-0.4736736092984604,-0.5431925437033205,-0.4978947274915307,-0.5609748304808925,-0.3336984726090336,-0.3075623426146228,0.6158384251930635,0
0.8273772438659699,-0.7376951317802901,0.5179813915404959,-0.47454519624983954,-0.4736736092984604,-0.5431925437033205,-0.4978947274915307,-0.5609748304808925,-3.0585777291682934,-0.3075623426146228,0.6158384251930635,0
0.8273772438659699,1.3555735383351193,-0.5724937540977952,6.784163299176891,2.0089333664952354,-0.5431925437033205,2.008456697338717,5.64037224096421,1.3361591794576348,-0.3075623426146228,0.6158384251930635,0
-0.3693648410115938,-0.7376951317802901,0.06675029679361683,-0.47454519624983954,-0.4736736092984604,-0.5431925437033205,2.008456697338717,-0.5609748304808925,-0.19260305647698941,-0.3075623426146228,-1.6238025415294657,0
0.8273772438659699,-0.7376951317802901,-1.51255853482046,3.1548090514635256,2.0089333664952354,-0.5431925437033205,-0.4978947274915307,3.1598334123861687,0.5322916934007406,-0.3075623426146228,0.6158384251930635,0
-0.3693648410115938,-0.7376951317802901,-2.1141999944829655,1.340131927606843,0.7676298785983874,1.8409678328467216,-0.4978947274915307,1.299429290952638,0.750263780890198,-0.3075623426146228,0.6158384251930635,1
0.8273772438659699,1.3555735383351193,-1.8885844471095259,-0.47454519624983954,2.0089333664952354,-0.5431925437033205,-0.4978947274915307,0.6792945838081278,0.1800041951014629,-0.3075623426146228,0.6158384251930635,1
-1.5661069258891576,-0.7376951317802901,0.8188021213717487,-0.47454519624983954,-0.4736736092984604,1.8409678328467216,2.008456697338717,-0.5609748304808925,1.0011105492142125,-0.3075623426146228,0.6158384251930635,0
0.8273772438659699,1.3555735383351193,-0.5724937540977952,0.4327933656785018,-0.4736736092984604,-0.5431925437033205,2.008456697338717,0.059159876663617626,-0.16405229962564447,3.2513733362117265,-1.6238025415294657,1
-1.5661069258891576,-0.7376951317802901,1.1948280336608146,-0.47454519624983954,-0.4736736092984604,-0.5431925437033205,-0.4978947274915307,-0.5609748304808925,0.36526093570402607,-0.3075623426146228,0.6158384251930635,1
0.8273772438659699,-0.7376951317802901,0.8188021213717487,0.4327933656785018,0.7676298785983874,-0.5431925437033205,-0.4978947274915307,0.6792945838081278,-0.16405229962564447,3.2513733362117265,-1.6238025415294657,0
0.8273772438659699,-0.7376951317802901,0.5179813915404959,-0.47454519624983954,-0.4736736092984604,-0.5431925437033205,-0.4978947274915307,-0.5609748304808925,-0.8019236166026618,-0.3075623426146228,0.6158384251930635,0
-0.3693648410115938,1.3555735383351193,0.2171606617092432,-0.47454519624983954,-0.4736736092984604,-0.5431925437033205,-0.4978947274915307,-0.5609748304808925,-0.3336984726090336,-0.3075623426146228,0.6158384251930635,1
-0.3693648410115938,-0.7376951317802901,-0.7605067102423282,-0.47454519624983954,-0.4736736092984604,-0.5431925437033205,-0.4978947274915307,-0.5609748304808925,-0.3336984726090336,-0.3075623426146228,0.6158384251930635,0
0.8273772438659699,1.3555735383351193,-0.7605067102423282,0.4327933656785018,-0.4736736092984604,-0.5431925437033205,-0.4978947274915307,0.059159876663617626,-0.806763380796033,-0.3075623426146228,0.6158384251930635,1
-0.3693648410115938,-0.7376951317802901,-1.9637896295673392,0.4327933656785018,0.7676298785983874,1.8409678328467216,-0.4978947274915307,0.6792945838081278,0.3444394801955362,-0.3075623426146228,0.6158384251930635,1
-1.5661069258891576,1.3555735383351193,1.1196228512030013,-0.47454519624983954,-0.4736736092984604,1.8409678328467216,-0.4978947274915307,-0.5609748304808925,0.4082334475616762,-0.3075623426146228,-1.6238025415294657,1
-1.5661069258891576,1.3555735383351193,2.172495405612386,-0.47454519624983954,-0.4736736092984604,1.8409678328467216,-0.4978947274915307,-0.5609748304808925,2.097794920021772,-0.3075623426146228,-1.6238025415294657,1
0.8273772438659699,-0.7376951317802901,-0.3092756154954491,-0.47454519624983954,-0.4736736092984604,-0.5431925437033205,2.008456697338717,-0.5609748304808925,-0.8189865811572414,3.2513733362117265,-1.6238025415294657,0
0.8273772438659699,-0.7376951317802901,0.969212486287375,-0.47454519624983954,0.7676298785983874,-0.5431925437033205,-0.4978947274915307,0.059159876663617626,-0.7445391097425897,-0.3075623426146228,0.6158384251930635,0
0.8273772438659699,1.3555735383351193,-0.5724937540977952,-0.47454519624983954,-0.4736736092984604,-0.5431925437033205,2.008456697338717,-0.5609748304808925,-0.8189865811572414,3.2513733362117265,-1.6238025415294657,1
-0.3693648410115938,1.3555735383351193,-0.3844807979532623,-0.47454519624983954,-0.4736736092984604,-0.5431925437033205,-0.4978947274915307,-0.5609748304808925,-0.3336984726090336,-0.3075623426146228,0.6158384251930635,0
0.8273772438659699,-0.7376951317802901,-0.08366006812200955,-0.47454519624983954,-0.4736736092984604,-0.5431925437033205,-0.4978947274915307,-0.5609748304808925,-0.6307359423566569,-0.3075623426146228,0.6158384251930635,0
0.8273772438659699,-0.7376951317802901,-0.3092756154954491,6.784163299176891,2.0089333664952354,-0.5431925437033205,2.008456697338717,5.64037224096421,1.3361591794576348,-0.3075623426146228,0.6158384251930635,0
0.8273772438659699,-0.7376951317802901,0.36757102662486957,-0.47454519624983954,-0.4736736092984604,-0.5431925437033205,-0.4978947274915307,-0.5609748304808925,-0.9787286015064478,-0.3075623426146228,0.6158384251930635,0
0.8273772438659699,-0.7376951317802901,1.2324306248897212,-0.47454519624983954,-0.4736736092984604,-0.5431925437033205,-0.4978947274915307,-0.5609748304808925,-0.8828741679067217,-0.3075623426146228,-1.6238025415294657,0
0.8273772438659699,-0.7376951317802901,-0.8357118927001413,-0.47454519624983954,-0.4736736092984604,-0.5431925437033205,-0.4978947274915307,-0.5609748304808925,-0.7841792430073967,-0.3075623426146228,0.6158384251930635,1
0.8273772438659699,1.3555735383351193,-2.038994812025152,-0.47454519624983954,0.7676298785983874,1.8409678328467216,-0.4978947274915307,0.059159876663617626,-0.5401781836878246,-0.3075623426146228,0.6158384251930635,0
0.8273772438659699,-0.7376951317802901,0.2171606617092432,0.4327933656785018,-0.4736736092984604,-0.5431925437033205,-0.4978947274915307,0.059159876663617626,-0.1423794216910609,-0.3075623426146228,0.6158384251930635,0
0.8273772438659699,-0.7376951317802901,-0.23407043303763592,-0.47454519624983954,-0.4736736092984604,-0.5431925437033205,-0.4978947274915307,-0.5609748304808925,0.023546289947323752,-0.3075623426146228,-1.6238025415294657,1
0.8273772438659699,1.3555735383351193,-0.9861222576157678,-0.47454519624983954,-0.4736736092984604,-0.5431925437033205,-0.4978947274915307,-0.5609748304808925,-0.8189865811572414,3.2513733362117265,-1.6238025415294657,1
-1.5661069258891576,-0.7376951317802901,0.8188021213717487,-0.47454519624983954,-0.4736736092984604,1.8409678328467216,-0.4978947274915307,-0.5609748304808925,0.5198636196706229,-0.3075623426146228,-1.6238025415294657,1
0.8273772438659699,-0.7376951317802901,-0.3844807979532623,-0.47454519624983954,-0.4736736092984604,-0.5431925437033205,-0.4978947274915307,-0.5609748304808925,-0.9050797531497122,-0.3075623426146228,0.6158384251930635,0
-0.3693648410115938,1.3555735383351193,0.4427762090826827,-0.47454519624983954,-0.4736736092984604,-0.5431925437033205,-0.4978947274915307,-0.5609748304808925,0.1329851701219792,-0.3075623426146228,0.6158384251930635,1
0.8273772438659699,-0.7376951317802901,-0.5348911628688886,-0.47454519624983954,-0.4736736092984604,-0.5431925437033205,-0.4978947274915307,-0.5609748304808925,-0.8797405693934278,-0.3075623426146228,0.6158384251930635,0
-0.3693648410115938,-0.7376951317802901,0.06675029679361683,-0.47454519624983954,-0.4736736092984604,-0.5431925437033205,-0.4978947274915307,-0.5609748304808925,-0.3336984726090336,-0.3075623426146228,0.6158384251930635,0
0.8273772438659699,-0.7376951317802901,-0.3092756154954491,0.4327933656785018,-0.4736736092984604,-0.5431925437033205,2.008456697338717,0.059159876663617626,-0.8189865811572414,3.2513733362117265,-1.6238025415294657,0
-1.5661069258891576,1.3555735383351193,0.14195547925143,0.4327933656785018,-0.4736736092984604,1.8409678328467216,-0.4978947274915307,0.059159876663617626,1.834129231109428,-0.3075623426146228,-1.6238025415294657,1
0.8273772438659699,1.3555735383351193,-0.15886525057982273,-0.47454519624983954,-0.4736736092984604,-0.5431925437033205,-0.4978947274915307,-0.5609748304808925,-0.798539974052802,-0.3075623426146228,0.6158384251930635,1
-0.3693648410115938,-0.7376951317802901,0.969212486287375,0.4327933656785018,-0.4736736092984604,-0.5431925437033205,-0.4978947274915307,0.059159876663617626,0.3819897971587497,-0.3075623426146228,0.6158384251930635,0
-1.5661069258891576,1.3555735383351193,0.2171606617092432,-0.47454519624983954,-0.4736736092984604,1.8409678328467216,-0.4978947274915307,-0.5609748304808925,1.4303920040723752,-0.3075623426146228,-1.6238025415294657,1
-0.3693648410115938,-0.7376951317802901,0.06675029679361683,-0.47454519624983954,-0.4736736092984604,-0.5431925437033205,-0.4978947274915307,-0.5609748304808925,-0.5368057694182641,-0.3075623426146228,0.6158384251930635,0
0.8273772438659699,-0.7376951317802901,-0.9861222576157678,-0.47454519624983954,-0.4736736092984604,-0.5431925437033205,-0.4978947274915307,-0.5609748304808925,-0.7841792430073967,-0.3075623426146228,0.6158384251930635,1
-0.3693648410115938,-0.7376951317802901,-0.15886525057982273,-0.47454519624983954,-0.4736736092984604,-0.5431925437033205,-0.4978947274915307,-0.5609748304808925,-0.3336984726090336,-0.3075623426146228,0.6158384251930635,0
0.8273772438659699,-0.7376951317802901,1.6460591284076938,-0.47454519624983954,-0.4736736092984604,-0.5431925437033205,-0.4978947274915307,-0.5609748304808925,-0.7841792430073967,-0.3075623426146228,0.6158384251930635,0
0.8273772438659699,-0.7376951317802901,-0.3092756154954491,-0.47454519624983954,-0.4736736092984604,-0.5431925437033205,2.008456697338717,-0.5609748304808925,-0.8019236166026618,-0.3075623426146228,0.6158384251930635,0
-1.5661069258891576,-0.7376951317802901,0.6683917564561223,0.4327933656785018,-0.4736736092984604,1.8409678328467216,-0.4978947274915307,0.059159876663617626,1.5989745568795648,-0.3075623426146228,0.6158384251930635,1
0.8273772438659699,-0.7376951317802901,-0.5348911628688886,-0.47454519624983954,-0.4736736092984604,-0.5431925437033205,-0.4978947274915307,-0.5609748304808925,-0.6455926003653025,-0.3075623426146228,0.6158384251930635,0
-0.3693648410115938,-0.7376951317802901,-0.7605067102423282,-0.47454519624983954,-0.4736736092984604,-0.5431925437033205,-0.4978947274915307,-0.5609748304808925,-0.5368057694182641,-0.3075623426146228,0.6158384251930635,1
0.8273772438659699,-0.7376951317802901,-0.6476989365556084,-0.47454519624983954,-0.4736736092984604,-0.5431925437033205,-0.4978947274915307,-0.5609748304808925,-0.8797405693934278,-0.3075623426146228,0.6158384251930635,0
-0.3693648410115938,-0.7376951317802901,-0.8357118927001413,-0.47454519624983954,-0.4736736092984604,-0.5431925437033205,-0.4978947274915307,-0.5609748304808925,-0.3336984726090336,-0.3075623426146228,0.6158384251930635,0
0.8273772438659699,1.3555735383351193,-0.5724937540977952,2.2474704895351842,0.7676298785983874,-0.5431925437033205,2.008456697338717,1.9195639980971482,0.32384119624754826,-0.3075623426146228,0.6158384251930635,0
-1.5661069258891576,1.3555735383351193,0.4427762090826827,0.4327933656785018,-0.4736736092984604,1.8409678328467216,-0.4978947274915307,0.059159876663617626,1.5221510751129648,-0.3075623426146228,0.6158384251930635,1
0.8273772438659699,-0.7376951317802901,-0.008454885664196365,-0.47454519624983954,-0.4736736092984604,-0.5431925437033205,-0.4978947274915307,-0.5609748304808925,-0.8160407306065733,-0.3075623426146228,0.6158384251930635,0
-0.3693648410115938,-0.7376951317802901,2.2477005880701992,-0.47454519624983954,-0.4736736092984604,-0.5431925437033205,-0.4978947274915307,-0.5609748304808925,-0.29746598596845064,-0.3075623426146228,0.6158384251930635,0
0.8273772438659699,1.3555735383351193,-1.8133792646517128,3.1548090514635256,2.0089333664952354,-0.5431925437033205,-0.4978947274915307,3.1598334123861687,0.5322916934007406,-0.3075623426146228,0.6158384251930635,1
-0.3693648410115938,-0.7376951317802901,-0.3844807979532623,-0.47454519624983954,-0.4736736092984604,-0.5431925437033205,-0.4978947274915307,-0.5609748304808925,-0.5368057694182641,-0.3075623426146228,0.6158384251930635,0
0.8273772438659699,1.3555735383351193,-0.5724937540977952,-0.47454519624983954,-0.4736736092984604,-0.5431925437033205,2.008456697338717,-0.5609748304808925,-0.8428609376877135,-0.3075623426146228,0.6158384251930635,0
-0.3693648410115938,-0.7376951317802901,1.1196228512030013,0.4327933656785018,-0.4736736092984604,-0.5431925437033205,-0.4978947274915307,0.059159876663617626,0.3444394801955362,-0.3075623426146228,0.6158384251930635,0
-0.3693648410115938,1.3555735383351193,-1.5877637172782733,-0.47454519624983954,2.0089333664952354,-0.5431925437033205,-0.4978947274915307,0.6792945838081278,0.35395586016517094,-0.3075623426146228,0.6158384251930635,1
-0.3693648410115938,-0.7376951317802901,-0.7605067102423282,-0.47454519624983954,-0.4736736092984604,-0.5431925437033205,-0.4978947274915307,-0.5609748304808925,-0.5368057694182641,-0.3075623426146228,0.6158384251930635,0
-0.3693648410115938,-0.7376951317802901,0.29236584416705635,-0.47454519624983954,-0.4736736092984604,-0.5431925437033205,-0.4978947274915307,-0.5609748304808925,-0.3886024739916458,-0.3075623426146228,0.6158384251930635,0
0.8273772438659699,1.3555735383351193,-0.5724937540977952,0.4327933656785018,-0.4736736092984604,-0.5431925437033205,2.008456697338717,0.059159876663617626,-0.23166125968823223,-0.3075623426146228,-1.6238025415294657,0
0.8273772438659699,1.3555735383351193,-0.5724937540977952,0.4327933656785018,-0.4736736092984604,-0.5431925437033205,2.008456697338717,0.059159876663617626,-0.16405229962564447,3.2513733362117265,-1.6238025415294657,1
-0.3693648410115938,-0.7376951317802901,-0.008454885664196365,-0.47454519624983954,-0.4736736092984604,-0.5431925437033205,-0.4978947274915307,-0.5609748304808925,-0.5368057694182641,-0.3075623426146228,0.6158384251930635,0
0.8273772438659699,-0.7376951317802901,-0.5348911628688886,-0.47454519624983954,-0.4736736092984604,-0.5431925437033205,-0.4978947274915307,-0.5609748304808925,-0.8955045384601199,-0.3075623426146228,0.6158384251930635,0
0.8273772438659699,-0.7376951317802901,0.06675029679361683,-0.47454519624983954,-0.4736736092984604,-0.5431925437033205,-0.4978947274915307,-0.5609748304808925,-0.8828741679067217,-0.3075623426146228,-1.6238025415294657,0
-1.5661069258891576,-0.7376951317802901,1.1196228512030013,1.340131927606843,-0.4736736092984604,1.8409678328467216,-0.4978947274915307,0.6792945838081278,1.5989745568795648,3.2513733362117265,-1.6238025415294657,0
0.8273772438659699,1.3555735383351193,-0.3092756154954491,-0.47454519624983954,-0.4736736092984604,-0.5431925437033205,-0.4978947274915307,-0.5609748304808925,-0.8160407306065733,-0.3075623426146228,0.6158384251930635,0
-0.3693648410115938,1.3555735383351193,-0.3844807979532623,-0.47454519624983954,2.0089333664952354,-0.5431925437033205,-0.4978947274915307,0.6792945838081278,-0.2286058134653583,-0.3075623426146228,0.6158384251930635,1
-1.5661069258891576,-0.7376951317802901,0.5931865739983091,0.4327933656785018,0.7676298785983874,1.8409678328467216,-0.4978947274915307,0.6792945838081278,1.0515683442816504,-0.3075623426146228,0.6158384251930635,1
-0.3693648410115938,-0.7376951317802901,1.8716746757811333,0.4327933656785018,-0.4736736092984604,-0.5431925437033205,-0.4978947274915307,0.059159876663617626,0.3444394801955362,-0.3075623426146228,0.6158384251930635,0
0.8273772438659699,-0.7376951317802901,-0.3092756154954491,-0.47454519624983954,-0.4736736092984604,-0.5431925437033205,2.008456697338717,-0.5609748304808925,-0.8797405693934278,-0.3075623426146228,0.6158384251930635,0
0.8273772438659699,1.3555735383351193,-0.008454885664196365,0.4327933656785018,0.7676298785983874,1.8409678328467216,-0.4978947274915307,0.6792945838081278,-0.5401781836878246,-0.3075623426146228,0.6158384251930635,0
-1.5661069258891576,-0.7376951317802901,2.4733161354436386,-0.47454519624983954,-0.4736736092984604,1.8409678328467216,-0.4978947274915307,-0.5609748304808925,0.36526093570402607,-0.3075623426146228,0.6158384251930635,0
0.8273772438659699,-0.7376951317802901,0.06675029679361683,0.4327933656785018,-0.4736736092984604,-0.5431925437033205,-0.4978947274915307,0.059159876663617626,-0.12717266791993012,-0.3075623426146228,0.6158384251930635,0
0.8273772438659699,1.3555735383351193,0.8940073038295618,-0.47454519624983954,2.0089333664952354,-0.5431925437033205,-0.4978947274915307,0.6792945838081278,0.09534793704965058,-0.3075623426146228,0.6158384251930635,0
0.8273772438659699,1.3555735383351193,-0.008454885664196365,-0.47454519624983954,2.0089333664952354,-0.5431925437033205,-0.4978947274915307,0.6792945838081278,-0.1800831698720664,-0.3075623426146228,-1.6238025415294657,1
-1.5661069258891576,1.3555735383351193,0.4427762090826827,-0.47454519624983954,-0.4736736092984604,-0.5431925437033205,2.008456697338717,-0.5609748304808925,1.4685301291949246,-0.3075623426146228,-1.6238025415294657,1
-1.5661069258891576,1.3555735383351193,0.06675029679361683,-0.47454519624983954,-0.4736736092984604,1.8409678328467216,-0.4978947274915307,-0.5609748304808925,1.5584783893656837,-0.3075623426146228,0.6158384251930635,1
-1.5661069258891576,1.3555735383351193,0.4427762090826827,-0.47454519624983954,-0.4736736092984604,-0.5431925437033205,-0.4978947274915307,-0.5609748304808925,3.3852937438182273,-0.3075623426146228,-1.6238025415294657,1
-0.3693648410115938,1.3555735383351193,1.5708539459498805,-0.47454519624983954,0.7676298785983874,-0.5431925437033205,-0.4978947274915307,0.059159876663617626,0.3444394801955362,-0.3075623426146228,0.6158384251930635,1
0.8273772438659699,-0.7376951317802901,-0.3092756154954491,-0.47454519624983954,-0.4736736092984604,-0.5431925437033205,2.008456697338717,-0.5609748304808925,-0.8189865811572414,3.2513733362117265,-1.6238025415294657,0
0.8273772438659699,-0.7376951317802901,-1.9637896295673392,3.1548090514635256,2.0089333664952354,-0.5431925437033205,-0.4978947274915307,3.1598334123861687,0.5322916934007406,-0.3075623426146228,0.6158384251930635,1
-1.5661069258891576,-0.7376951317802901,1.7212643108655068,0.4327933656785018,0.7676298785983874,1.8409678328467216,-0.4978947274915307,0.6792945838081278,1.4743073772537167,-0.3075623426146228,0.6158384251930635,0
-1.5661069258891576,-0.7376951317802901,0.8188021213717487,-0.47454519624983954,-0.4736736092984604,1.8409678328467216,-0.4978947274915307,-0.5609748304808925,-3.0585777291682934,-0.3075623426146228,0.6158384251930635,0
0.8273772438659699,1.3555735383351193,-0.5724937540977952,-0.47454519624983954,-0.4736736092984604,-0.5431925437033205,2.008456697338717,-0.5609748304808925,-0.8189865811572414,3.2513733362117265,-1.6238025415294657,0
-0.3693648410115938,-0.7376951317802901,0.5179813915404959,-0.47454519624983954,-0.4736736092984604,-0.5431925437033205,-0.4978947274915307,-0.5609748304808925,-0.5368057694182641,-0.3075623426146228,0.6158384251930635,0
0.8273772438659699,-0.7376951317802901,-0.9861222576157678,3.1548090514635256,0.7676298785983874,-0.5431925437033205,-0.4978947274915307,2.5396987052416584,0.7678594338107121,-0.3075623426146228,0.6158384251930635,0
0.8273772438659699,-0.7376951317802901,-0.3092756154954491,0.4327933656785018,-0.4736736092984604,-0.5431925437033205,-0.4978947274915307,0.059159876663617626,-0.8160407306065733,-0.3075623426146228,0.6158384251930635,1
-1.5661069258891576,1.3555735383351193,2.172495405612386,-0.47454519624983954,0.7676298785983874,1.8409678328467216,-0.4978947274915307,0.059159876663617626,2.14527242190355,-0.3075623426146228,0.6158384251930635,1
-1.5661069258891576,1.3555735383351193,0.4427762090826827,-0.47454519624983954,-0.4736736092984604,1.8409678328467216,-0.4978947274915307,-0.5609748304808925,2.0186331792044068,-0.3075623426146228,0.6158384251930635,1
-1.5661069258891576,-0.7376951317802901,0.8188021213717487,-0.47454519624983954,-0.4736736092984604,-0.5431925437033205,2.008456697338717,-0.5609748304808925,0.5198636196706229,-0.3075623426146228,0.6158384251930635,0
0.8273772438659699,-0.7376951317802901,-0.3092756154954491,-0.47454519624983954,-0.4736736092984604,-0.5431925437033205,-0.4978947274915307,-0.5609748304808925,-3.0585777291682934,-0.3075623426146228,0.6158384251930635,1
-0.3693648410115938,1.3555735383351193,0.8940073038295618,-0.47454519624983954,0.7676298785983874,-0.5431925437033205,-0.4978947274915307,0.059159876663617626,0.06007112543995847,-0.3075623426146228,0.6158384251930635,1
-1.5661069258891576,-0.7376951317802901,0.5931865739983091,-0.47454519624983954,0.7676298785983874,1.8409678328467216,-0.4978947274915307,0.059159876663617626,0.4770416648490861,-0.3075623426146228,-1.6238025415294657,0
0.8273772438659699,1.3555735383351193,-0.5724937540977952,-0.47454519624983954,-0.4736736092984604,-0.5431925437033205,2.008456697338717,-0.5609748304808925,-0.8189865811572414,3.2513733362117265,-1.6238025415294657,1
-1.5661069258891576,1.3555735383351193,2.548521317901452,0.4327933656785018,-0.4736736092984604,1.8409678328467216,-0.4978947274915307,0.059159876663617626,1.452419049919151,-0.3075623426146228,0.6158384251930635,1
0.8273772438659699,1.3555735383351193,1.1948280336608146,-0.47454519624983954,-0.4736736092984604,-0.5431925437033205,-0.4978947274915307,-0.5609748304808925,-0.8189865811572414,-0.3075623426146228,0.6158384251930635,0
-0.3693648410115938,-0.7376951317802901,0.06675029679361683,-0.47454519624983954,-0.4736736092984604,-0.5431925437033205,2.008456697338717,-0.5609748304808925,-3.0585777291682934,-0.3075623426146228,0.6158384251930635,0
0.8273772438659699,-0.7376951317802901,-1.6629688997360863,3.1548090514635256,0.7676298785983874,-0.5431925437033205,-0.4978947274915307,2.5396987052416584,0.457519539438721,3.2513733362117265,-1.6238025415294657,0
0.8273772438659699,1.3555735383351193,0.4427762090826827,0.4327933656785018,0.7676298785983874,-0.5431925437033205,-0.4978947274915307,0.6792945838081278,0.0971716406458445,-0.3075623426146228,0.6158384251930635,1
0.8273772438659699,-0.7376951317802901,2.6989316828170784,-0.47454519624983954,-0.4736736092984604,-0.5431925437033205,-0.4978947274915307,-0.5609748304808925,-0.8189865811572414,3.2513733362117265,-1.6238025415294657,0
0.8273772438659699,-0.7376951317802901,-0.08366006812200955,-0.47454519624983954,-0.4736736092984604,-0.5431925437033205,-0.4978947274915307,-0.5609748304808925,-0.806763380796033,-0.3075623426146228,0.6158384251930635,0
0.8273772438659699,-0.7376951317802901,-0.9861222576157678,-0.47454519624983954,-0.4736736092984604,-0.5431925437033205,-0.4978947274915307,-0.5609748304808925,-0.6307359423566569,-0.3075623426146228,0.6158384251930635,0
0.8273772438659699,-0.7376951317802901,-0.7605067102423282,-0.47454519624983954,-0.4736736092984604,-0.5431925437033205,-0.4978947274915307,-0.5609748304808925,-0.7841792430073967,-0.3075623426146228,0.6158384251930635,1
-1.5661069258891576,-0.7376951317802901,0.8188021213717487,-0.47454519624983954,-0.4736736092984604,1.8409678328467216,2.008456697338717,-0.5609748304808925,0.3444394801955362,-0.3075623426146228,0.6158384251930635,0
0.8273772438659699,-0.7376951317802901,0.29236584416705635,-0.47454519624983954,-0.4736736092984604,-0.5431925437033205,-0.4978947274915307,-0.5609748304808925,-0.7165619336211217,-0.3075623426146228,-1.6238025415294657,0
0.8273772438659699,-0.7376951317802901,0.06675029679361683,-0.47454519624983954,-0.4736736092984604,-0.5431925437033205,-0.4978947274915307,-0.5609748304808925,-0.6307359423566569,-0.3075623426146228,0.6158384251930635,1
0.8273772438659699,-0.7376951317802901,-0.5348911628688886,-0.47454519624983954,-0.4736736092984604,-0.5431925437033205,-0.4978947274915307,-0.5609748304808925,-0.8019236166026618,-0.3075623426146228,0.6158384251930635,0
-0.3693648410115938,-0.7376951317802901,0.969212486287375,-0.47454519624983954,-0.4736736092984604,-0.5431925437033205,-0.4978947274915307,-0.5609748304808925,-0.3336984726090336,-0.3075623426146228,0.6158384251930635,1
0.8273772438659699,1.3555735383351193,-0.5348911628688886,-0.47454519624983954,-0.4736736092984604,-0.5431925437033205,-0.4978947274915307,-0.5609748304808925,-0.8189865811572414,3.2513733362117265,-1.6238025415294657,1
-1.5661069258891576,1.3555735383351193,-0.23407043303763592,-0.47454519624983954,-0.4736736092984604,-0.5431925437033205,-0.4978947274915307,-0.5609748304808925,1.464014258564117,-0.3075623426146228,0.6158384251930635,1
-1.5661069258891576,1.3555735383351193,-0.7605067102423282,0.4327933656785018,-0.4736736092984604,1.8409678328467216,-0.4978947274915307,0.059159876663617626,1.6111475224786775,-0.3075623426146228,-1.6238025415294657,1
-0.3693648410115938,-0.7376951317802901,0.5179813915404959,-0.47454519624983954,-0.4736736092984604,1.8409678328467216,-0.4978947274915307,-0.5609748304808925,-0.3429588030007618,-0.3075623426146228,-1.6238025415294657,0
0.8273772438659699,1.3555735383351193,-0.3844807979532623,-0.47454519624983954,-0.4736736092984604,-0.5431925437033205,-0.4978947274915307,-0.5609748304808925,-0.6967178907118832,-0.3075623426146228,0.6158384251930635,0
0.8273772438659699,-0.7376951317802901,-0.3844807979532623,-0.47454519624983954,-0.4736736092984604,-0.5431925437033205,-0.4978947274915307,-0.5609748304808925,-0.8019236166026618,-0.3075623426146228,0.6158384251930635,0
-1.5661069258891576,-0.7376951317802901,0.8188021213717487,-0.47454519624983954,-0.4736736092984604,-0.5431925437033205,2.008456697338717,-0.5609748304808925,0.4082334475616762,-0.3075623426146228,-1.6238025415294657,0
0.8273772438659699,-0.7376951317802901,-0.42208338918216887,-0.47454519624983954,-0.4736736092984604,-0.5431925437033205,-0.4978947274915307,-0.5609748304808925,-0.8823470582632056,-0.3075623426146228,-1.6238025415294657,0
-1.5661069258891576,1.3555735383351193,-2.038994812025152,0.4327933656785018,2.0089333664952354,1.8409678328467216,-0.4978947274915307,1.299429290952638,2.132408321022389,-0.3075623426146228,0.6158384251930635,0
-1.5661069258891576,-0.7376951317802901,0.8188021213717487,-0.47454519624983954,-0.4736736092984604,1.8409678328467216,2.008456697338717,-0.5609748304808925,0.5036031274312862,-0.3075623426146228,0.6158384251930635,1
-1.5661069258891576,1.3555735383351193,1.5708539459498805,-0.47454519624983954,0.7676298785983874,1.8409678328467216,-0.4978947274915307,0.059159876663617626,2.6363132839087284,-0.3075623426146228,-1.6238025415294657,1
0.8273772438659699,1.3555735383351193,-0.5724937540977952,-0.47454519624983954,-0.4736736092984604,-0.5431925437033205,2.008456697338717,-0.5609748304808925,-0.8189865811572414,3.2513733362117265,-1.6238025415294657,1
0.8273772438659699,-0.7376951317802901,-0.3092756154954491,1.340131927606843,-0.4736736092984604,-0.5431925437033205,2.008456697338717,0.6792945838081278,0.23352593393921808,3.2513733362117265,-1.6238025415294657,1
0.8273772438659699,-0.7376951317802901,-0.7605067102423282,-0.47454519624983954,-0.4736736092984604,-0.5431925437033205,-0.4978947274915307,-0.5609748304808925,-3.0585777291682934,-0.3075623426146228,0.6158384251930635,0
-0.3693648410115938,1.3555735383351193,-0.08366006812200955,-0.47454519624983954,-0.4736736092984604,1.8409678328467216,2.008456697338717,-0.5609748304808925,-0.38278544498532663,3.2513733362117265,-1.6238025415294657,1
0.8273772438659699,-0.7376951317802901,-0.3092756154954491,-0.47454519624983954,-0.4736736092984604,-0.5431925437033205,2.008456697338717,-0.5609748304808925,-0.7841792430073967,-0.3075623426146228,0.6158384251930635,0
-1.5661069258891576,-0.7376951317802901,-2.1202164090795903,0.4327933656785018,2.0089333664952354,1.8409678328467216,-0.4978947274915307,1.299429290952638,2.132408321022389,-0.3075623426146228,0.6158384251930635,1
-1.5661069258891576,1.3555735383351193,0.4427762090826827,-0.47454519624983954,-0.4736736092984604,-0.5431925437033205,2.008456697338717,-0.5609748304808925,1.812289926928167,-0.3075623426146228,-1.6238025415294657,1
-1.5661069258891576,1.3555735383351193,-0.9109170751579546,0.4327933656785018,-0.4736736092984604,1.8409678328467216,-0.4978947274915307,0.059159876663617626,1.7938227894866787,-0.3075623426146228,-1.6238025415294657,1
-0.3693648410115938,-0.7376951317802901,0.06675029679361683,0.4327933656785018,-0.4736736092984604,-0.5431925437033205,-0.4978947274915307,0.059159876663617626,0.26497567234198965,-0.3075623426146228,-1.6238025415294657,0
-1.5661069258891576,1.3555735383351193,0.06675029679361683,-0.47454519624983954,-0.4736736092984604,1.8409678328467216,-0.4978947274915307,-0.5609748304808925,1.1326493972880125,-0.3075623426146228,-1.6238025415294657,1
-1.5661069258891576,1.3555735383351193,-0.3844807979532623,-0.47454519624983954,-0.4736736092984604,1.8409678328467216,-0.4978947274915307,-0.5609748304808925,1.5182728441543658,-0.3075623426146228,-1.6238025415294657,1
-1.5661069258891576,1.3555735383351193,-0.8357118927001413,1.340131927606843,2.0089333664952354,1.8409678328467216,-0.4978947274915307,1.9195639980971482,2.6962534687059603,-0.3075623426146228,-1.6238025415294657,1
-0.3693648410115938,1.3555735383351193,-0.23407043303763592,0.4327933656785018,0.7676298785983874,-0.5431925437033205,-0.4978947274915307,0.6792945838081278,0.3444394801955362,-0.3075623426146228,0.6158384251930635,0
0.8273772438659699,-0.7376951317802901,-0.08366006812200955,-0.47454519624983954,-0.4736736092984604,-0.5431925437033205,-0.4978947274915307,-0.5609748304808925,-0.8019236166026618,-0.3075623426146228,0.6158384251930635,0
-0.3693648410115938,-0.7376951317802901,1.0444176687451883,0.4327933656785018,0.7676298785983874,-0.5431925437033205,-0.4978947274915307,0.6792945838081278,0.35395586016517094,-0.3075623426146228,0.6158384251930635,0
0.8273772438659699,1.3555735383351193,-0.23407043303763592,-0.47454519624983954,-0.4736736092984604,-0.5431925437033205,-0.4978947274915307,-0.5609748304808925,-0.806763380796033,-0.3075623426146228,0.6158384251930635,1
-0.3693648410115938,1.3555735383351193,-0.3844807979532623,0.4327933656785018,-0.4736736092984604,-0.5431925437033205,-0.4978947274915307,0.059159876663617626,0.3444394801955362,-0.3075623426146228,0.6158384251930635,1
-0.3693648410115938,-0.7376951317802901,1.8716746757811333,-0.47454519624983954,-0.4736736092984604,-0.5431925437033205,-0.4978947274915307,-0.5609748304808925,-0.2624619586252086,-0.3075623426146228,0.6158384251930635,0
-1.5661069258891576,1.3555735383351193,0.14195547925143,-0.47454519624983954,2.0089333664952354,1.8409678328467216,-0.4978947274915307,0.6792945838081278,2.218822021910339,-0.3075623426146228,0.6158384251930635,1
-1.5661069258891576,1.3555735383351193,0.8188021213717487,0.4327933656785018,0.7676298785983874,1.8409678328467216,-0.4978947274915307,0.6792945838081278,2.010033264475824,-0.3075623426146228,-1.6238025415294657,1
0.8273772438659699,-0.7376951317802901,-0.5348911628688886,-0.47454519624983954,-0.4736736092984604,-0.5431925437033205,-0.4978947274915307,-0.5609748304808925,-0.8797405693934278,-0.3075623426146228,0.6158384251930635,0
0.8273772438659699,-0.7376951317802901,-0.15886525057982273,-0.47454519624983954,-0.4736736092984604,-0.5431925437033205,-0.4978947274915307,-0.5609748304808925,-0.8019236166026618,-0.3075623426146228,0.6158384251930635,0
-0.3693648410115938,1.3555735383351193,0.06675029679361683,-0.47454519624983954,-0.4736736092984604,-0.5431925437033205,-0.4978947274915307,-0.5609748304808925,-0.38278544498532663,3.2513733362117265,-1.6238025415294657,1
-0.3693648410115938,1.3555735383351193,-0.5348911628688886,0.4327933656785018,0.7676298785983874,-0.5431925437033205,-0.4978947274915307,0.6792945838081278,0.4532263111425748,-0.3075623426146228,0.6158384251930635,1
0.8273772438659699,-0.7376951317802901,-0.3092756154954491,6.784163299176891,2.0089333664952354,-0.5431925437033205,2.008456697338717,5.64037224096421,1.3361591794576348,-0.3075623426146228,0.6158384251930635,0
-1.5661069258891576,1.3555735383351193,0.5179813915404959,-0.47454519624983954,-0.4736736092984604,1.8409678328467216,-0.4978947274915307,-0.5609748304808925,2.0186331792044068,-0.3075623426146228,-1.6238025415294657,1
0.8273772438659699,-0.7376951317802901,2.3981109529858253,-0.47454519624983954,-0.4736736092984604,-0.5431925437033205,-0.4978947274915307,-0.5609748304808925,-1.0149359989180027,-0.3075623426146228,0.6158384251930635,0
-0.3693648410115938,1.3555735383351193,0.5179813915404959,-0.47454519624983954,-0.4736736092984604,1.8409678328467216,-0.4978947274915307,-0.5609748304808925,-0.3336984726090336,-0.3075623426146228,0.6158384251930635,1
0.8273772438659699,1.3555735383351193,0.14195547925143,0.4327933656785018,0.7676298785983874,-0.5431925437033205,-0.4978947274915307,0.6792945838081278,0.11044794172866994,-0.3075623426146228,0.6158384251930635,1
-1.5661069258891576,1.3555735383351193,-0.9861222576157678,-0.47454519624983954,0.7676298785983874,1.8409678328467216,-0.4978947274915307,0.059159876663617626,1.1511968252901217,-0.3075623426146228,-1.6238025415294657,1
0.8273772438659699,1.3555735383351193,-0.5724937540977952,1.340131927606843,-0.4736736092984604,-0.5431925437033205,2.008456697338717,0.6792945838081278,0.23352593393921808,3.2513733362117265,-1.6238025415294657,1
-1.5661069258891576,-0.7376951317802901,1.2324306248897212,-0.47454519624983954,-0.4736736092984604,1.8409678328467216,-0.4978947274915307,-0.5609748304808925,0.4358726267231761,-0.3075623426146228,0.6158384251930635,0
-1.5661069258891576,-0.7376951317802901,0.6683917564561223,-0.47454519624983954,0.7676298785983874,1.8409678328467216,-0.4978947274915307,0.059159876663617626,2.14527242190355,-0.3075623426146228,0.6158384251930635,0
0.8273772438659699,-0.7376951317802901,-0.9861222576157678,1.340131927606843,-0.4736736092984604,-0.5431925437033205,-0.4978947274915307,0.6792945838081278,-0.01838583697289204,-0.3075623426146228,0.6158384251930635,0
-1.5661069258891576,1.3555735383351193,0.4427762090826827,0.4327933656785018,-0.4736736092984604,-0.5431925437033205,2.008456697338717,0.059159876663617626,2.003535801391161,-0.3075623426146228,0.6158384251930635,1
0.8273772438659699,-0.7376951317802901,-0.3092756154954491,-0.47454519624983954,-0.4736736092984604,-0.5431925437033205,2.008456697338717,-0.5609748304808925,-0.8019236166026618,-0.3075623426146228,0.6158384251930635,0
-1.5661069258891576,-0.7376951317802901,-0.008454885664196365,0.4327933656785018,-0.4736736092984604,1.8409678328467216,-0.4978947274915307,0.059159876663617626,1.2920564383571118,-0.3075623426146228,0.6158384251930635,0
-1.5661069258891576,1.3555735383351193,0.8940073038295618,-0.47454519624983954,-0.4736736092984604,1.8409678328467216,-0.4978947274915307,-0.5609748304808925,2.010033264475824,-0.3075623426146228,-1.6238025415294657,1
0.8273772438659699,-0.7376951317802901,1.1948280336608146,-0.47454519624983954,-0.4736736092984604,-0.5431925437033205,-0.4978947274915307,-0.5609748304808925,-0.7841792430073967,-0.3075623426146228,0.6158384251930635,1
-1.5661069258891576,-0.7376951317802901,1.1948280336608146,-0.47454519624983954,-0.4736736092984604,-0.5431925437033205,-0.4978947274915307,-0.5609748304808925,0.6557188297748954,-0.3075623426146228,0.6158384251930635,0
-0.3693648410115938,-0.7376951317802901,-2.038994812025152,0.4327933656785018,0.7676298785983874,1.8409678328467216,-0.4978947274915307,0.6792945838081278,0.3444394801955362,-0.3075623426146228,0.6158384251930635,1
-1.5661069258891576,1.3555735383351193,-0.3844807979532623,2.2474704895351842,2.0089333664952354,1.8409678328467216,-0.4978947274915307,2.5396987052416584,2.6987007794454887,-0.3075623426146228,0.6158384251930635,1
-0.3693648410115938,-0.7376951317802901,-0.08366006812200955,-0.47454519624983954,-0.4736736092984604,-0.5431925437033205,-0.4978947274915307,-0.5609748304808925,-0.3336984726090336,-0.3075623426146228,0.6158384251930635,0
-0.3693648410115938,-0.7376951317802901,-0.3092756154954491,-0.47454519624983954,-0.4736736092984604,-0.5431925437033205,-0.4978947274915307,-0.5609748304808925,-0.3336984726090336,-0.3075623426146228,0.6158384251930635,0
-0.3693648410115938,-0.7376951317802901,0.5179813915404959,-0.47454519624983954,-0.4736736092984604,-0.5431925437033205,-0.4978947274915307,-0.5609748304808925,-0.3336984726090336,-0.3075623426146228,0.6158384251930635,0
-0.3693648410115938,1.3555735383351193,-0.3844807979532623,-0.47454519624983954,-0.4736736092984604,1.8409678328467216,-0.4978947274915307,-0.5609748304808925,-0.3336984726090336,-0.3075623426146228,0.6158384251930635,1
-0.3693648410115938,1.3555735383351193,0.8188021213717487,-0.47454519624983954,-0.4736736092984604,-0.5431925437033205,-0.4978947274915307,-0.5609748304808925,-0.3336984726090336,-0.3075623426146228,0.6158384251930635,1
0.8273772438659699,1.3555735383351193,-0.5724937540977952,0.4327933656785018,-0.4736736092984604,-0.5431925437033205,2.008456697338717,0.059159876663617626,-0.12717266791993012,-0.3075623426146228,0.6158384251930635,1
0.8273772438659699,-0.7376951317802901,-1.9637896295673392,0.4327933656785018,0.7676298785983874,-0.5431925437033205,-0.4978947274915307,0.6792945838081278,-0.13932010117845442,-0.3075623426146228,0.6158384251930635,1
0.8273772438659699,-0.7376951317802901,0.969212486287375,-0.47454519624983954,-0.4736736092984604,-0.5431925437033205,-0.4978947274915307,-0.5609748304808925,-0.7165619336211217,-0.3075623426146228,0.6158384251930635,0
0.8273772438659699,-0.7376951317802901,-0.45968598041107545,-0.47454519624983954,-0.4736736092984604,-0.5431925437033205,-0.4978947274915307,-0.5609748304808925,-0.658138561741074,-0.3075623426146228,0.6158384251930635,0
-1.5661069258891576,-0.7376951317802901,0.8188021213717487,-0.47454519624983954,-0.4736736092984604,1.8409678328467216,2.008456697338717,-0.5609748304808925,0.6414769499431594,-0.3075623426146228,0.6158384251930635,0
0.8273772438659699,-0.7376951317802901,-1.061327440073581,0.4327933656785018,0.7676298785983874,-0.5431925437033205,-0.4978947274915307,0.6792945838081278,-0.8823470582632056,-0.3075623426146228,-1.6238025415294657,0
0.8273772438659699,-0.7376951317802901,-0.3092756154954491,0.4327933656785018,-0.4736736092984604,-0.5431925437033205,-0.4978947274915307,0.059159876663617626,-0.029312075627065143,-0.3075623426146228,0.6158384251930635,0
0.8273772438659699,-0.7376951317802901,-0.3092756154954491,-0.47454519624983954,-0.4736736092984604,-0.5431925437033205,2.008456697338717,-0.5609748304808925,-0.8828741679067217,-0.3075623426146228,-1.6238025415294657,0
0.8273772438659699,-0.7376951317802901,-0.08366006812200955,-0.47454519624983954,-0.4736736092984604,-0.5431925437033205,-0.4978947274915307,-0.5609748304808925,-0.6307359423566569,-0.3075623426146228,0.6158384251930635,0
-1.5661069258891576,1.3555735383351193,-0.5348911628688886,-0.47454519624983954,0.7676298785983874,1.8409678328467216,-0.4978947274915307,0.059159876663617626,1.0976780669265336,-0.3075623426146228,0.6158384251930635,1
-0.3693648410115938,1.3555735383351193,0.6683917564561223,-0.47454519624983954,-0.4736736092984604,-0.5431925437033205,-0.4978947274915307,-0.5609748304808925,-0.3336984726090336,-0.3075623426146228,0.6158384251930635,0
0.8273772438659699,1.3555735383351193,-0.5724937540977952,-0.47454519624983954,-0.4736736092984604,-0.5431925437033205,2.008456697338717,-0.5609748304808925,-0.8038521494426432,3.2513733362117265,-1.6238025415294657,1
0.8273772438659699,1.3555735383351193,-0.5724937540977952,-0.47454519624983954,-0.4736736092984604,-0.5431925437033205,2.008456697338717,-0.5609748304808925,-0.8038521494426432,3.2513733362117265,-1.6238025415294657,1
0.8273772438659699,-0.7376951317802901,0.8188021213717487,0.4327933656785018,4.491540342288931,-0.5431925437033205,-0.4978947274915307,2.5396987052416584,0.4146557174979072,-0.3075623426146228,0.6158384251930635,0
-0.3693648410115938,-0.7376951317802901,-0.008454885664196365,0.4327933656785018,-0.4736736092984604,-0.5431925437033205,-0.4978947274915307,0.059159876663617626,0.4082334475616762,-0.3075623426146228,-1.6238025415294657,0
0.8273772438659699,1.3555735383351193,1.1948280336608146,-0.47454519624983954,0.7676298785983874,-0.5431925437033205,-0.4978947274915307,0.059159876663617626,-0.23166125968823223,-0.3075623426146228,-1.6238025415294657,0
0.8273772438659699,-0.7376951317802901,0.4427762090826827,-0.47454519624983954,-0.4736736092984604,-0.5431925437033205,-0.4978947274915307,-0.5609748304808925,-0.9050797531497122,-0.3075623426146228,0.6158384251930635,0
0.8273772438659699,-0.7376951317802901,-0.3092756154954491,0.4327933656785018,-0.4736736092984604,-0.5431925437033205,2.008456697338717,0.059159876663617626,-0.16405229962564447,3.2513733362117265,-1.6238025415294657,0
0.8273772438659699,-0.7376951317802901,0.06675029679361683,-0.47454519624983954,-0.4736736092984604,-0.5431925437033205,-0.4978947274915307,-0.5609748304808925,-0.8797405693934278,-0.3075623426146228,0.6158384251930635,0
-1.5661069258891576,1.3555735383351193,2.3229057705280125,0.4327933656785018,-0.4736736092984604,1.8409678328467216,-0.4978947274915307,0.059159876663617626,1.4163815756188534,-0.3075623426146228,-1.6238025415294657,1
0.8273772438659699,1.3555735383351193,-0.5724937540977952,-0.47454519624983954,-0.4736736092984604,-0.5431925437033205,2.008456697338717,-0.5609748304808925,-0.8823470582632056,-0.3075623426146228,-1.6238025415294657,1
0.8273772438659699,1.3555735383351193,-0.5724937540977952,-0.47454519624983954,-0.4736736092984604,-0.5431925437033205,2.008456697338717,-0.5609748304808925,-0.8189865811572414,3.2513733362117265,-1.6238025415294657,1
-1.5661069258891576,1.3555735383351193,-0.3844807979532623,-0.47454519624983954,-0.4736736092984604,1.8409678328467216,-0.4978947274915307,-0.5609748304808925,1.3324938581871215,-0.3075623426146228,-1.6238025415294657,1
-1.5661069258891576,-0.7376951317802901,-0.3092756154954491,0.4327933656785018,-0.4736736092984604,1.8409678328467216,-0.4978947274915307,0.059159876663617626,1.1057901177672143,-0.3075623426146228,-1.6238025415294657,1
0.8273772438659699,-0.7376951317802901,-0.8357118927001413,0.4327933656785018,-0.4736736092984604,-0.5431925437033205,-0.4978947274915307,0.059159876663617626,-0.9787286015064478,-0.3075623426146228,0.6158384251930635,0
0.8273772438659699,-0.7376951317802901,-0.7605067102423282,-0.47454519624983954,-0.4736736092984604,-0.5431925437033205,-0.4978947274915307,-0.5609748304808925,-0.7841792430073967,-0.3075623426146228,0.6158384251930635,0
-1.5661069258891576,-0.7376951317802901,-0.5348911628688886,-0.47454519624983954,-0.4736736092984604,-0.5431925437033205,-0.4978947274915307,-0.5609748304808925,2.0186331792044068,-0.3075623426146228,-1.6238025415294657,0
0.8273772438659699,1.3555735383351193,-1.9637896295673392,2.2474704895351842,0.7676298785983874,-0.5431925437033205,-0.4978947274915307,1.9195639980971482,0.1364991380659541,-0.3075623426146228,0.6158384251930635,0
-1.5661069258891576,1.3555735383351193,0.4427762090826827,0.4327933656785018,-0.4736736092984604,-0.5431925437033205,2.008456697338717,0.059159876663617626,1.5060857797883969,-0.3075623426146228,-1.6238025415294657,1
0.8273772438659699,1.3555735383351193,-0.5348911628688886,-0.47454519624983954,-0.4736736092984604,-0.5431925437033205,-0.4978947274915307,-0.5609748304808925,-0.8797405693934278,-0.3075623426146228,0.6158384251930635,1
-1.5661069258891576,-0.7376951317802901,-0.15886525057982273,-0.47454519624983954,2.0089333664952354,1.8409678328467216,-0.4978947274915307,0.6792945838081278,2.4746366111687697,-0.3075623426146228,-1.6238025415294657,0
0.8273772438659699,-0.7376951317802901,-0.685301527784515,-0.47454519624983954,-0.4736736092984604,-0.5431925437033205,-0.4978947274915307,-0.5609748304808925,-1.3942229498762084,-0.3075623426146228,-1.6238025415294657,0
0.8273772438659699,-0.7376951317802901,-0.7605067102423282,-0.47454519624983954,-0.4736736092984604,-0.5431925437033205,-0.4978947274915307,-0.5609748304808925,-0.8160407306065733,-0.3075623426146228,0.6158384251930635,0
-1.5661069258891576,1.3555735383351193,0.969212486287375,-0.47454519624983954,-0.4736736092984604,-0.5431925437033205,-0.4978947274915307,-0.5609748304808925,2.5497045522452972,-0.3075623426146228,-1.6238025415294657,1
0.8273772438659699,1.3555735383351193,-2.1141999944829655,-0.47454519624983954,2.0089333664952354,-0.5431925437033205,-0.4978947274915307,0.6792945838081278,-0.14903715526900022,-0.3075623426146228,-1.6238025415294657,1
0.8273772438659699,-0.7376951317802901,0.2171606617092432,-0.47454519624983954,-0.4736736092984604,-0.5431925437033205,-0.4978947274915307,-0.5609748304808925,-0.798539974052802,-0.3075623426146228,0.6158384251930635,0
-1.5661069258891576,1.3555735383351193,0.4427762090826827,0.4327933656785018,-0.4736736092984604,-0.5431925437033205,-0.4978947274915307,0.059159876663617626,1.0408277503255374,-0.3075623426146228,0.6158384251930635,1
0.8273772438659699,-0.7376951317802901,-0.3092756154954491,-0.47454519624983954,-0.4736736092984604,-0.5431925437033205,2.008456697338717,-0.5609748304808925,-0.8019236166026618,-0.3075623426146228,0.6158384251930635,0
-0.3693648410115938,-0.7376951317802901,-0.8357118927001413,-0.47454519624983954,-0.4736736092984604,-0.5431925437033205,-0.4978947274915307,-0.5609748304808925,1.3924082286355355,-0.3075623426146228,0.6158384251930635,0
0.8273772438659699,-0.7376951317802901,-2.1141999944829655,4.0621476133918675,2.0089333664952354,-0.5431925437033205,-0.4978947274915307,3.779968119530679,0.936361092700485,-0.3075623426146228,0.6158384251930635,0
-0.3693648410115938,1.3555735383351193,0.5179813915404959,-0.47454519624983954,-0.4736736092984604,-0.5431925437033205,-0.4978947274915307,-0.5609748304808925,-0.3336984726090336,-0.3075623426146228,0.6158384251930635,1
0.8273772438659699,-0.7376951317802901,-0.3092756154954491,-0.47454519624983954,-0.4736736092984604,-0.5431925437033205,2.008456697338717,-0.5609748304808925,-0.8214439504217126,3.2513733362117265,-1.6238025415294657,0
-0.3693648410115938,1.3555735383351193,-0.9109170751579546,-0.47454519624983954,-0.4736736092984604,-0.5431925437033205,-0.4978947274915307,-0.5609748304808925,-0.4102164299119116,-0.3075623426146228,-1.6238025415294657,1
-1.5661069258891576,-0.7376951317802901,0.5179813915404959,0.4327933656785018,2.0089333664952354,1.8409678328467216,-0.4978947274915307,1.299429290952638,1.8931715298766851,-0.3075623426146228,0.6158384251930635,1
0.8273772438659699,-0.7376951317802901,-0.6100963453267019,-0.47454519624983954,-0.4736736092984604,-0.5431925437033205,-0.4978947274915307,-0.5609748304808925,-0.8135961720983267,-0.3075623426146228,0.6158384251930635,1
0.8273772438659699,-0.7376951317802901,-0.08366006812200955,1.340131927606843,-0.4736736092984604,-0.5431925437033205,-0.4978947274915307,0.6792945838081278,-0.798539974052802,-0.3075623426146228,0.6158384251930635,0
-1.5661069258891576,1.3555735383351193,-0.45968598041107545,0.4327933656785018,-0.4736736092984604,1.8409678328467216,-0.4978947274915307,0.059159876663617626,1.834129231109428,-0.3075623426146228,-1.6238025415294657,1
0.8273772438659699,1.3555735383351193,-0.3844807979532623,-0.47454519624983954,2.0089333664952354,1.8409678328467216,-0.4978947274915307,0.6792945838081278,-0.09156500424402261,-0.3075623426146228,0.6158384251930635,1
0.8273772438659699,-0.7376951317802901,-0.5348911628688886,-0.47454519624983954,-0.4736736092984604,-0.5431925437033205,-0.4978947274915307,-0.5609748304808925,-0.8135961720983267,-0.3075623426146228,0.6158384251930635,0
0.8273772438659699,1.3555735383351193,0.14195547925143,-0.47454519624983954,-0.4736736092984604,-0.5431925437033205,-0.4978947274915307,-0.5609748304808925,-0.806763380796033,-0.3075623426146228,0.6158384251930635,0
-0.3693648410115938,-0.7376951317802901,1.2700332161186279,-0.47454519624983954,-0.4736736092984604,-0.5431925437033205,-0.4978947274915307,-0.5609748304808925,0.3444394801955362,-0.3075623426146228,0.6158384251930635,0
-0.3693648410115938,-0.7376951317802901,-0.45968598041107545,-0.47454519624983954,-0.4736736092984604,-0.5431925437033205,-0.4978947274915307,-0.5609748304808925,-0.5368057694182641,-0.3075623426146228,0.6158384251930635,0
-0.3693648410115938,1.3555735383351193,-0.08366006812200955,-0.47454519624983954,-0.4736736092984604,-0.5431925437033205,-0.4978947274915307,-0.5609748304808925,-0.35983961362319966,-0.3075623426146228,0.6158384251930635,1
0.8273772438659699,-0.7376951317802901,0.7435969389139355,-0.47454519624983954,-0.4736736092984604,-0.5431925437033205,-0.4978947274915307,-0.5609748304808925,-0.798539974052802,-0.3075623426146228,0.6158384251930635,1
0.8273772438659699,-0.7376951317802901,-0.23407043303763592,-0.47454519624983954,-0.4736736092984604,-0.5431925437033205,-0.4978947274915307,-0.5609748304808925,-0.7841792430073967,-0.3075623426146228,0.6158384251930635,0
0.8273772438659699,1.3555735383351193,-0.6100963453267019,0.4327933656785018,-0.4736736092984604,-0.5431925437033205,-0.4978947274915307,0.059159876663617626,-0.5992616204389827,-0.3075623426146228,0.6158384251930635,0
0.8273772438659699,-0.7376951317802901,-0.08366006812200955,0.4327933656785018,-0.4736736092984604,-0.5431925437033205,-0.4978947274915307,0.059159876663617626,-0.1423794216910609,-0.3075623426146228,0.6158384251930635,0
0.8273772438659699,1.3555735383351193,-0.685301527784515,-0.47454519624983954,-0.4736736092984604,-0.5431925437033205,-0.4978947274915307,-0.5609748304808925,-0.7165619336211217,-0.3075623426146228,0.6158384251930635,0
-0.3693648410115938,-0.7376951317802901,0.36757102662486957,0.4327933656785018,-0.4736736092984604,-0.5431925437033205,-0.4978947274915307,0.059159876663617626,0.1329851701219792,-0.3075623426146228,0.6158384251930635,0
0.8273772438659699,-0.7376951317802901,1.6460591284076938,-0.47454519624983954,-0.4736736092984604,-0.5431925437033205,-0.4978947274915307,-0.5609748304808925,-0.8189865811572414,-0.3075623426146228,0.6158384251930635,0
-0.3693648410115938,-0.7376951317802901,-1.9637896295673392,0.4327933656785018,0.7676298785983874,-0.5431925437033205,-0.4978947274915307,0.6792945838081278,0.021587667954472933,-0.3075623426146228,0.6158384251930635,1
0.8273772438659699,-0.7376951317802901,-0.6100963453267019,-0.47454519624983954,-0.4736736092984604,-0.5431925437033205,-0.4978947274915307,-0.5609748304808925,-0.8160407306065733,-0.3075623426146228,0.6158384251930635,0
0.8273772438659699,1.3555735383351193,-0.5724937540977952,2.2474704895351842,0.7676298785983874,-0.5431925437033205,2.008456697338717,1.9195639980971482,0.32384119624754826,-0.3075623426146228,0.6158384251930635,0
0.8273772438659699,-0.7376951317802901,-0.3092756154954491,-0.47454519624983954,-0.4736736092984604,-0.5431925437033205,2.008456697338717,-0.5609748304808925,-0.8019236166026618,-0.3075623426146228,0.6158384251930635,0
0.8273772438659699,-0.7376951317802901,-0.3092756154954491,-0.47454519624983954,-0.4736736092984604,-0.5431925437033205,2.008456697338717,-0.5609748304808925,-0.9299653348541039,3.2513733362117265,-1.6238025415294657,0
-1.5661069258891576,1.3555735383351193,0.29236584416705635,0.4327933656785018,-0.4736736092984604,1.8409678328467216,-0.4978947274915307,0.059159876663617626,1.5989745568795648,3.2513733362117265,-1.6238025415294657,1
-0.3693648410115938,-0.7376951317802901,0.06675029679361683,-0.47454519624983954,-0.4736736092984604,-0.5431925437033205,2.008456697338717,-0.5609748304808925,-3.0585777291682934,-0.3075623426146228,0.6158384251930635,0
0.8273772438659699,-0.7376951317802901,1.1196228512030013,-0.47454519624983954,-0.4736736092984604,-0.5431925437033205,-0.4978947274915307,-0.5609748304808925,-0.798539974052802,-0.3075623426146228,0.6158384251930635,1
0.8273772438659699,1.3555735383351193,-0.5724937540977952,-0.47454519624983954,-0.4736736092984604,-0.5431925437033205,2.008456697338717,-0.5609748304808925,-0.7841792430073967,-0.3075623426146228,0.6158384251930635,0
-0.3693648410115938,1.3555735383351193,0.36757102662486957,0.4327933656785018,0.7676298785983874,-0.5431925437033205,-0.4978947274915307,0.6792945838081278,0.5671628780396996,-0.3075623426146228,0.6158384251930635,1
-0.3693648410115938,1.3555735383351193,-0.8357118927001413,-0.47454519624983954,2.0089333664952354,-0.5431925437033205,-0.4978947274915307,0.6792945838081278,-0.3336984726090336,-0.3075623426146228,0.6158384251930635,1
-0.3693648410115938,-0.7376951317802901,0.06675029679361683,-0.47454519624983954,-0.4736736092984604,-0.5431925437033205,-0.4978947274915307,-0.5609748304808925,-0.3336984726090336,-0.3075623426146228,0.6158384251930635,0
0.8273772438659699,1.3555735383351193,-1.437353352362647,-0.47454519624983954,2.0089333664952354,-0.5431925437033205,-0.4978947274915307,0.6792945838081278,0.2711522804976662,-0.3075623426146228,0.6158384251930635,0
0.8273772438659699,-0.7376951317802901,-0.3092756154954491,-0.47454519624983954,-0.4736736092984604,-0.5431925437033205,2.008456697338717,-0.5609748304808925,-0.8019236166026618,-0.3075623426146228,-1.6238025415294657,0
0.8273772438659699,-0.7376951317802901,-0.6100963453267019,-0.47454519624983954,-0.4736736092984604,-0.5431925437033205,-0.4978947274915307,-0.5609748304808925,-0.8209591021193487,3.2513733362117265,-1.6238025415294657,0
0.8273772438659699,-0.7376951317802901,-0.008454885664196365,-0.47454519624983954,-0.4736736092984604,-0.5431925437033205,-0.4978947274915307,-0.5609748304808925,-0.804340663003928,-0.3075623426146228,0.6158384251930635,0
0.8273772438659699,1.3555735383351193,-0.08366006812200955,0.4327933656785018,0.7676298785983874,-0.5431925437033205,-0.4978947274915307,0.6792945838081278,-0.23528881360946907,-0.3075623426146228,0.6158384251930635,0
0.8273772438659699,-0.7376951317802901,-0.8357118927001413,0.4327933656785018,0.7676298785983874,-0.5431925437033205,-0.4978947274915307,0.6792945838081278,0.09534793704965058,-0.3075623426146228,0.6158384251930635,0
0.8273772438659699,-0.7376951317802901,-0.3092756154954491,-0.47454519624983954,-0.4736736092984604,-0.5431925437033205,2.008456697338717,-0.5609748304808925,-0.8797405693934278,-0.3075623426146228,0.6158384251930635,0
-0.3693648410115938,1.3555735383351193,-0.08366006812200955,0.4327933656785018,-0.4736736092984604,-0.5431925437033205,-0.4978947274915307,0.059159876663617626,0.3444394801955362,-0.3075623426146228,0.6158384251930635,1
-0.3693648410115938,1.3555735383351193,-0.7605067102423282,-0.47454519624983954,-0.4736736092984604,-0.5431925437033205,-0.4978947274915307,-0.5609748304808925,0.3444394801955362,-0.3075623426146228,0.6158384251930635,1
0.8273772438659699,-0.7376951317802901,-0.3092756154954491,-0.47454519624983954,-0.4736736092984604,-0.5431925437033205,2.008456697338717,-0.5609748304808925,-0.8189865811572414,3.2513733362117265,-1.6238025415294657,0
0.8273772438659699,-0.7376951317802901,0.2171606617092432,-0.47454519624983954,-0.4736736092984604,1.8409678328467216,-0.4978947274915307,-0.5609748304808925,-0.7841792430073967,-0.3075623426146228,0.6158384251930635,1
-1.5661069258891576,-0.7376951317802901,-0.08366006812200955,-0.47454519624983954,-0.4736736092984604,1.8409678328467216,-0.4978947274915307,-0.5609748304808925,0.36526093570402607,-0.3075623426146228,0.6158384251930635,1
0.8273772438659699,1.3555735383351193,-0.5724937540977952,0.4327933656785018,-0.4736736092984604,-0.5431925437033205,2.008456697338717,0.059159876663617626,-0.12717266791993012,-0.3075623426146228,0.6158384251930635,1
-0.3693648410115938,1.3555735383351193,0.969212486287375,0.4327933656785018,-0.4736736092984604,-0.5431925437033205,-0.4978947274915307,0.059159876663617626,0.3444394801955362,-0.3075623426146228,0.6158384251930635,1
0.8273772438659699,-0.7376951317802901,-0.9109170751579546,-0.47454519624983954,-0.4736736092984604,-0.5431925437033205,-0.4978947274915307,-0.5609748304808925,-0.8955045384601199,-0.3075623426146228,0.6158384251930635,0
-1.5661069258891576,-0.7376951317802901,1.5708539459498805,0.4327933656785018,-0.4736736092984604,1.8409678328467216,-0.4978947274915307,0.059159876663617626,1.1141402035210881,-0.3075623426146228,0.6158384251930635,0
-1.5661069258891576,1.3555735383351193,-1.136532622531394,0.4327933656785018,2.0089333664952354,1.8409678328467216,-0.4978947274915307,1.299429290952638,1.8931715298766851,-0.3075623426146228,0.6158384251930635,1
0.8273772438659699,1.3555735383351193,-0.6100963453267019,1.340131927606843,2.0089333664952354,-0.5431925437033205,-0.4978947274915307,1.9195639980971482,0.6233938271906204,-0.3075623426146228,0.6158384251930635,0
-0.3693648410115938,1.3555735383351193,-0.3844807979532623,1.340131927606843,3.250236854392083,-0.5431925437033205,-0.4978947274915307,2.5396987052416584,0.021587667954472933,-0.3075623426146228,0.6158384251930635,1
-1.5661069258891576,-0.7376951317802901,2.623726500359265,0.4327933656785018,4.491540342288931,1.8409678328467216,-0.4978947274915307,2.5396987052416584,2.6987007794454887,-0.3075623426146228,0.6158384251930635,0
-0.3693648410115938,-0.7376951317802901,0.14195547925143,-0.47454519624983954,-0.4736736092984604,-0.5431925437033205,-0.4978947274915307,-0.5609748304808925,-0.5368057694182641,-0.3075623426146228,0.6158384251930635,0
-0.3693648410115938,1.3555735383351193,1.1948280336608146,0.4327933656785018,0.7676298785983874,-0.5431925437033205,-0.4978947274915307,0.6792945838081278,0.35395586016517094,-0.3075623426146228,0.6158384251930635,1
0.8273772438659699,-0.7376951317802901,-0.685301527784515,-0.47454519624983954,-0.4736736092984604,-0.5431925437033205,-0.4978947274915307,-0.5609748304808925,-0.6307359423566569,-0.3075623426146228,0.6158384251930635,0
0.8273772438659699,-0.7376951317802901,-0.3092756154954491,0.4327933656785018,-0.4736736092984604,-0.5431925437033205,-0.4978947274915307,0.059159876663617626,-0.8160407306065733,-0.3075623426146228,0.6158384251930635,0
-0.3693648410115938,1.3555735383351193,-0.08366006812200955,-0.47454519624983954,-0.4736736092984604,-0.5431925437033205,-0.4978947274915307,-0.5609748304808925,-0.3336984726090336,-0.3075623426146228,0.6158384251930635,1
0.8273772438659699,-0.7376951317802901,-0.3092756154954491,-0.47454519624983954,-0.4736736092984604,-0.5431925437033205,2.008456697338717,-0.5609748304808925,-0.7770730902669089,-0.3075623426146228,0.6158384251930635,1
-1.5661069258891576,-0.7376951317802901,-1.8885844471095259,-0.47454519624983954,2.0089333664952354,1.8409678328467216,-0.4978947274915307,0.6792945838081278,1.5021989568725875,-0.3075623426146228,0.6158384251930635,1
-0.3693648410115938,1.3555735383351193,-1.2117378049892074,-0.47454519624983954,0.7676298785983874,-0.5431925437033205,-0.4978947274915307,0.059159876663617626,0.06007112543995847,-0.3075623426146228,0.6158384251930635,1
-1.5661069258891576,-0.7376951317802901,0.36757102662486957,-0.47454519624983954,-0.4736736092984604,-0.5431925437033205,-0.4978947274915307,-0.5609748304808925,0.36526093570402607,-0.3075623426146228,0.6158384251930635,1
0.8273772438659699,1.3555735383351193,-1.8133792646517128,1.340131927606843,0.7676298785983874,-0.5431925437033205,-0.4978947274915307,1.299429290952638,0.047825129435189045,-0.3075623426146228,-1.6238025415294657,1
-1.5661069258891576,-0.7376951317802901,1.7212643108655068,-0.47454519624983954,-0.4736736092984604,1.8409678328467216,-0.4978947274915307,-0.5609748304808925,0.5036031274312862,-0.3075623426146228,0.6158384251930635,1
-0.3693648410115938,-0.7376951317802901,0.5179813915404959,0.4327933656785018,2.0089333664952354,-0.5431925437033205,-0.4978947274915307,1.299429290952638,0.40928266156909443,-0.3075623426146228,0.6158384251930635,0
0.8273772438659699,-0.7376951317802901,-0.3092756154954491,0.4327933656785018,-0.4736736092984604,-0.5431925437033205,2.008456697338717,0.059159876663617626,0.0833137463231359,-0.3075623426146228,0.6158384251930635,0
-1.5661069258891576,-0.7376951317802901,0.06675029679361683,-0.47454519624983954,-0.4736736092984604,1.8409678328467216,-0.4978947274915307,-0.5609748304808925,0.40928266156909443,-0.3075623426146228,-1.6238025415294657,0
-1.5661069258891576,-0.7376951317802901,1.4956487634920672,0.4327933656785018,-0.4736736092984604,1.8409678328467216,-0.4978947274915307,0.059159876663617626,1.588760118059578,-0.3075623426146228,-1.6238025415294657,1
0.8273772438659699,-0.7376951317802901,-0.3092756154954491,-0.47454519624983954,-0.4736736092984604,-0.5431925437033205,2.008456697338717,-0.5609748304808925,-0.7841792430073967,-0.3075623426146228,0.6158384251930635,0
0.8273772438659699,-0.7376951317802901,-0.008454885664196365,-0.47454519624983954,-0.4736736092984604,-0.5431925437033205,-0.4978947274915307,-0.5609748304808925,-0.8019236166026618,-0.3075623426146228,-1.6238025415294657,1
-1.5661069258891576,-0.7376951317802901,2.6989316828170784,-0.47454519624983954,-0.4736736092984604,1.8409678328467216,-0.4978947274915307,-0.5609748304808925,0.36526093570402607,-0.3075623426146228,0.6158384251930635,0
-1.5661069258891576,1.3555735383351193,0.4427762090826827,0.4327933656785018,-0.4736736092984604,1.8409678328467216,2.008456697338717,0.059159876663617626,1.038145562232327,-0.3075623426146228,0.6158384251930635,1
-0.3693648410115938,1.3555735383351193,1.5708539459498805,-0.47454519624983954,-0.4736736092984604,-0.5431925437033205,-0.4978947274915307,-0.5609748304808925,-0.5368057694182641,-0.3075623426146228,0.6158384251930635,1
0.8273772438659699,-0.7376951317802901,-0.3092756154954491,-0.47454519624983954,-0.4736736092984604,-0.5431925437033205,2.008456697338717,-0.5609748304808925,-0.8189865811572414,3.2513733362117265,-1.6238025415294657,0
-1.5661069258891576,-0.7376951317802901,1.4204435810342542,-0.47454519624983954,-0.4736736092984604,1.8409678328467216,-0.4978947274915307,-0.5609748304808925,0.36526093570402607,-0.3075623426146228,0.6158384251930635,1
0.8273772438659699,-0.7376951317802901,0.36757102662486957,-0.47454519624983954,-0.4736736092984604,-0.5431925437033205,-0.4978947274915307,-0.5609748304808925,-0.7841792430073967,-0.3075623426146228,0.6158384251930635,0
-1.5661069258891576,-0.7376951317802901,1.345238398576441,-0.47454519624983954,-0.4736736092984604,1.8409678328467216,-0.4978947274915307,-0.5609748304808925,0.7372759377222563,-0.3075623426146228,0.6158384251930635,0
-0.3693648410115938,-0.7376951317802901,1.4204435810342542,-0.47454519624983954,-0.4736736092984604,-0.5431925437033205,-0.4978947274915307,-0.5609748304808925,-0.3336984726090336,-0.3075623426146228,0.6158384251930635,0
0.8273772438659699,-0.7376951317802901,-0.3092756154954491,-0.47454519624983954,-0.4736736092984604,-0.5431925437033205,2.008456697338717,-0.5609748304808925,-0.7841792430073967,-0.3075623426146228,0.6158384251930635,0
0.8273772438659699,-0.7376951317802901,0.6683917564561223,-0.47454519624983954,-0.4736736092984604,-0.5431925437033205,-0.4978947274915307,-0.5609748304808925,-0.9050797531497122,-0.3075623426146228,0.6158384251930635,0
-0.3693648410115938,-0.7376951317802901,0.06675029679361683,-0.47454519624983954,-0.4736736092984604,-0.5431925437033205,2.008456697338717,-0.5609748304808925,-3.0585777291682934,-0.3075623426146228,0.6158384251930635,0
-1.5661069258891576,-0.7376951317802901,2.0220850406967594,-0.47454519624983954,-0.4736736092984604,-0.5431925437033205,-0.4978947274915307,-0.5609748304808925,0.36526093570402607,-0.3075623426146228,0.6158384251930635,0
0.8273772438659699,-0.7376951317802901,-0.3092756154954491,-0.47454519624983954,-0.4736736092984604,-0.5431925437033205,2.008456697338717,-0.5609748304808925,-0.8219408604763344,3.2513733362117265,-1.6238025415294657,0
0.8273772438659699,1.3555735383351193,-2.1330012900974187,1.340131927606843,0.7676298785983874,-0.5431925437033205,-0.4978947274915307,1.299429290952638,0.047825129435189045,-0.3075623426146228,-1.6238025415294657,1
0.8273772438659699,-0.7376951317802901,-0.3092756154954491,-0.47454519624983954,-0.4736736092984604,-0.5431925437033205,2.008456697338717,-0.5609748304808925,-0.8797405693934278,-0.3075623426146228,0.6158384251930635,0
0.8273772438659699,-0.7376951317802901,0.6683917564561223,-0.47454519624983954,-0.4736736092984604,-0.5431925437033205,-0.4978947274915307,-0.5609748304808925,-0.7165619336211217,-0.3075623426146228,0.6158384251930635,0
-0.3693648410115938,1.3555735383351193,0.29236584416705635,0.4327933656785018,2.0089333664952354,-0.5431925437033205,-0.4978947274915307,1.299429290952638,0.40928266156909443,-0.3075623426146228,0.6158384251930635,1
-0.3693648410115938,1.3555735383351193,-0.45968598041107545,-0.47454519624983954,-0.4736736092984604,1.8409678328467216,-0.4978947274915307,-0.5609748304808925,-0.2769007052339032,-0.3075623426146228,-1.6238025415294657,1
0.8273772438659699,1.3555735383351193,-0.5348911628688886,-0.47454519624983954,-0.4736736092984604,-0.5431925437033205,-0.4978947274915307,-0.5609748304808925,-0.5980700220174994,-0.3075623426146228,0.6158384251930635,0
-1.5661069258891576,-0.7376951317802901,0.8188021213717487,-0.47454519624983954,-0.4736736092984604,1.8409678328467216,2.008456697338717,-0.5609748304808925,1.0408277503255374,-0.3075623426146228,0.6158384251930635,0
-0.3693648410115938,-0.7376951317802901,0.36757102662486957,0.4327933656785018,-0.4736736092984604,-0.5431925437033205,-0.4978947274915307,0.059159876663617626,0.1329851701219792,-0.3075623426146228,0.6158384251930635,0
0.8273772438659699,-0.7376951317802901,-0.008454885664196365,0.4327933656785018,-0.4736736092984604,-0.5431925437033205,-0.4978947274915307,0.059159876663617626,-0.9056185997745971,-0.3075623426146228,0.6158384251930635,0
0.8273772438659699,-0.7376951317802901,-0.5348911628688886,-0.47454519624983954,-0.4736736092984604,-0.5431925437033205,-0.4978947274915307,-0.5609748304808925,-0.8463932397472813,-0.3075623426146228,0.6158384251930635,0
0.8273772438659699,1.3555735383351193,-2.038994812025152,-0.47454519624983954,0.7676298785983874,-0.5431925437033205,-0.4978947274915307,0.059159876663617626,-0.38763069046803694,-0.3075623426146228,0.6158384251930635,1
0.8273772438659699,-0.7376951317802901,-1.51255853482046,4.0621476133918675,2.0089333664952354,-0.5431925437033205,-0.4978947274915307,3.779968119530679,0.936361092700485,-0.3075623426146228,0.6158384251930635,0
-0.3693648410115938,-0.7376951317802901,0.06675029679361683,-0.47454519624983954,-0.4736736092984604,-0.5431925437033205,2.008456697338717,-0.5609748304808925,-3.0585777291682934,-0.3075623426146228,0.6158384251930635,0
0.8273772438659699,-0.7376951317802901,1.5708539459498805,-0.47454519624983954,-0.4736736092984604,-0.5431925437033205,-0.4978947274915307,-0.5609748304808925,-0.7841792430073967,-0.3075623426146228,0.6158384251930635,0
0.8273772438659699,1.3555735383351193,2.548521317901452,-0.47454519624983954,-0.4736736092984604,-0.5431925437033205,-0.4978947274915307,-0.5609748304808925,-0.6221672631581132,-0.3075623426146228,0.6158384251930635,1
-1.5661069258891576,-0.7376951317802901,-0.3092756154954491,0.4327933656785018,-0.4736736092984604,1.8409678328467216,-0.4978947274915307,0.059159876663617626,1.6111475224786775,-0.3075623426146228,-1.6238025415294657,1
0.8273772438659699,1.3555735383351193,-0.5724937540977952,2.2474704895351842,0.7676298785983874,-0.5431925437033205,2.008456697338717,1.9195639980971482,0.32384119624754826,-0.3075623426146228,0.6158384251930635,0
-1.5661069258891576,1.3555735383351193,0.4427762090826827,0.4327933656785018,-0.4736736092984604,1.8409678328467216,-0.4978947274915307,0.059159876663617626,1.5989745568795648,-0.3075623426146228,0.6158384251930635,1
-1.5661069258891576,-0.7376951317802901,2.172495405612386,-0.47454519624983954,-0.4736736092984604,1.8409678328467216,-0.4978947274915307,-0.5609748304808925,0.4770416648490861,-0.3075623426146228,-1.6238025415294657,0
0.8273772438659699,-0.7376951317802901,0.06675029679361683,-0.47454519624983954,-0.4736736092984604,-0.5431925437033205,-0.4978947274915307,-0.5609748304808925,-0.7841792430073967,-0.3075623426146228,0.6158384251930635,0
0.8273772438659699,-0.7376951317802901,-1.51255853482046,0.4327933656785018,0.7676298785983874,-0.5431925437033205,-0.4978947274915307,0.6792945838081278,-0.13932010117845442,-0.3075623426146228,0.6158384251930635,1
0.8273772438659699,-0.7376951317802901,-0.3092756154954491,0.4327933656785018,-0.4736736092984604,-0.5431925437033205,2.008456697338717,0.059159876663617626,0.0833137463231359,-0.3075623426146228,0.6158384251930635,0
0.8273772438659699,-0.7376951317802901,-0.6100963453267019,-0.47454519624983954,-0.4736736092984604,-0.5431925437033205,-0.4978947274915307,-0.5609748304808925,-0.8797405693934278,-0.3075623426146228,0.6158384251930635,0
-1.5661069258891576,-0.7376951317802901,1.9468798582389464,-0.47454519624983954,-0.4736736092984604,1.8409678328467216,-0.4978947274915307,-0.5609748304808925,0.5036031274312862,-0.3075623426146228,0.6158384251930635,0
-1.5661069258891576,-0.7376951317802901,3.1501627775639576,-0.47454519624983954,-0.4736736092984604,-0.5431925437033205,-0.4978947274915307,-0.5609748304808925,0.9910237262754293,-0.3075623426146228,-1.6238025415294657,0
0.8273772438659699,-0.7376951317802901,-0.6100963453267019,-0.47454519624983954,-0.4736736092984604,-0.5431925437033205,-0.4978947274915307,-0.5609748304808925,-0.7841792430073967,-0.3075623426146228,0.6158384251930635,0
0.8273772438659699,-0.7376951317802901,-0.3092756154954491,-0.47454519624983954,-0.4736736092984604,-0.5431925437033205,2.008456697338717,-0.5609748304808925,-0.23138736843472296,-0.3075623426146228,-1.6238025415294657,0
-1.5661069258891576,1.3555735383351193,1.8716746757811333,0.4327933656785018,-0.4736736092984604,1.8409678328467216,-0.4978947274915307,0.059159876663617626,1.4564440718289613,-0.3075623426146228,-1.6238025415294657,1
0.8273772438659699,-0.7376951317802901,-0.3092756154954491,-0.47454519624983954,-0.4736736092984604,-0.5431925437033205,2.008456697338717,-0.5609748304808925,-0.1893914833819289,-0.3075623426146228,0.6158384251930635,0
-1.5661069258891576,1.3555735383351193,-0.3092756154954491,0.4327933656785018,2.0089333664952354,1.8409678328467216,-0.4978947274915307,1.299429290952638,2.132408321022389,-0.3075623426146228,0.6158384251930635,0
0.8273772438659699,-0.7376951317802901,-0.3844807979532623,-0.47454519624983954,-0.4736736092984604,-0.5431925437033205,-0.4978947274915307,-0.5609748304808925,-0.8135961720983267,-0.3075623426146228,0.6158384251930635,0
0.8273772438659699,-0.7376951317802901,-0.9109170751579546,-0.47454519624983954,-0.4736736092984604,-0.5431925437033205,-0.4978947274915307,-0.5609748304808925,-0.7165619336211217,-0.3075623426146228,0.6158384251930635,0
0.8273772438659699,1.3555735383351193,-0.6100963453267019,-0.47454519624983954,-0.4736736092984604,-0.5431925437033205,-0.4978947274915307,-0.5609748304808925,-0.8189865811572414,3.2513733362117265,-1.6238025415294657,0
0.8273772438659699,1.3555735383351193,-0.5724937540977952,-0.47454519624983954,-0.4736736092984604,-0.5431925437033205,2.008456697338717,-0.5609748304808925,-0.8333405692374476,3.2513733362117265,-1.6238025415294657,0
0.8273772438659699,1.3555735383351193,0.5931865739983091,-0.47454519624983954,-0.4736736092984604,-0.5431925437033205,-0.4978947274915307,-0.5609748304808925,-0.6221672631581132,-0.3075623426146228,0.6158384251930635,0
-1.5661069258891576,1.3555735383351193,-0.9861222576157678,-0.47454519624983954,-0.4736736092984604,1.8409678328467216,-0.4978947274915307,-0.5609748304808925,1.5584783893656837,-0.3075623426146228,0.6158384251930635,1
-1.5661069258891576,-0.7376951317802901,-0.8357118927001413,0.4327933656785018,-0.4736736092984604,1.8409678328467216,-0.4978947274915307,0.059159876663617626,1.7938227894866787,-0.3075623426146228,-1.6238025415294657,0
-0.3693648410115938,1.3555735383351193,0.29236584416705635,-0.47454519624983954,2.0089333664952354,-0.5431925437033205,-0.4978947274915307,0.6792945838081278,0.3444394801955362,-0.3075623426146228,0.6158384251930635,1
-1.5661069258891576,-0.7376951317802901,0.8188021213717487,-0.47454519624983954,-0.4736736092984604,-0.5431925437033205,2.008456697338717,-0.5609748304808925,0.36526093570402607,-0.3075623426146228,0.6158384251930635,1
0.8273772438659699,-0.7376951317802901,-0.08366006812200955,-0.47454519624983954,-0.4736736092984604,-0.5431925437033205,-0.4978947274915307,-0.5609748304808925,0.20218592718197398,-0.3075623426146228,0.6158384251930635,0
0.8273772438659699,-0.7376951317802901,-0.23407043303763592,-0.47454519624983954,-0.4736736092984604,-0.5431925437033205,-0.4978947274915307,-0.5609748304808925,1.1248955097361604,-0.3075623426146228,0.6158384251930635,1
0.8273772438659699,-0.7376951317802901,-0.008454885664196365,-0.47454519624983954,-0.4736736092984604,-0.5431925437033205,-0.4978947274915307,-0.5609748304808925,-0.8189865811572414,3.2513733362117265,-1.6238025415294657,1
0.8273772438659699,-0.7376951317802901,-0.3092756154954491,-0.47454519624983954,-0.4736736092984604,-0.5431925437033205,2.008456697338717,-0.5609748304808925,-0.7841792430073967,-0.3075623426146228,0.6158384251930635,0
-1.5661069258891576,-0.7376951317802901,0.5179813915404959,-0.47454519624983954,-0.4736736092984604,1.8409678328467216,-0.4978947274915307,-0.5609748304808925,0.3553757823476229,-0.3075623426146228,0.6158384251930635,1
-1.5661069258891576,1.3555735383351193,1.8716746757811333,0.4327933656785018,-0.4736736092984604,-0.5431925437033205,-0.4978947274915307,0.059159876663617626,1.1757752036108362,-0.3075623426146228,-1.6238025415294657,1
0.8273772438659699,-0.7376951317802901,-0.3844807979532623,-0.47454519624983954,-0.4736736092984604,-0.5431925437033205,-0.4978947274915307,-0.5609748304808925,-0.8494271027413144,-0.3075623426146228,0.6158384251930635,0
-1.5661069258891576,-0.7376951317802901,1.345238398576441,-0.47454519624983954,-0.4736736092984604,1.8409678328467216,-0.4978947274915307,-0.5609748304808925,0.6130033879569109,-0.3075623426146228,0.6158384251930635,0
-0.3693648410115938,1.3555735383351193,0.36757102662486957,-0.47454519624983954,-0.4736736092984604,1.8409678328467216,-0.4978947274915307,-0.5609748304808925,-0.5368057694182641,-0.3075623426146228,0.6158384251930635,1
0.8273772438659699,-0.7376951317802901,-0.3092756154954491,-0.47454519624983954,-0.4736736092984604,-0.5431925437033205,2.008456697338717,-0.5609748304808925,0.2711522804976662,3.2513733362117265,-1.6238025415294657,0
-0.3693648410115938,1.3555735383351193,0.5179813915404959,0.4327933656785018,-0.4736736092984604,-0.5431925437033205,-0.4978947274915307,0.059159876663617626,0.3444394801955362,-0.3075623426146228,0.6158384251930635,1
0.8273772438659699,-0.7376951317802901,0.2171606617092432,-0.47454519624983954,-0.4736736092984604,-0.5431925437033205,-0.4978947274915307,-0.5609748304808925,-0.8019236166026618,-0.3075623426146228,0.6158384251930635,0
-1.5661069258891576,1.3555735383351193,0.06675029679361683,-0.47454519624983954,-0.4736736092984604,1.8409678328467216,-0.4978947274915307,-0.5609748304808925,1.6379421972192298,-0.3075623426146228,0.6158384251930635,1
0.8273772438659699,-0.7376951317802901,-0.5348911628688886,-0.47454519624983954,-0.4736736092984604,-0.5431925437033205,-0.4978947274915307,-0.5609748304808925,-0.8019236166026618,-0.3075623426146228,0.6158384251930635,0
0.8273772438659699,-0.7376951317802901,-0.3092756154954491,-0.47454519624983954,-0.4736736092984604,-0.5431925437033205,2.008456697338717,-0.5609748304808925,-0.8828741679067217,-0.3075623426146228,-1.6238025415294657,0
-1.5661069258891576,1.3555735383351193,1.1196228512030013,-0.47454519624983954,0.7676298785983874,1.8409678328467216,-0.4978947274915307,0.059159876663617626,1.1511968252901217,-0.3075623426146228,-1.6238025415294657,1
0.8273772438659699,-0.7376951317802901,-0.3092756154954491,-0.47454519624983954,-0.4736736092984604,-0.5431925437033205,2.008456697338717,-0.5609748304808925,-0.8823470582632056,-0.3075623426146228,-1.6238025415294657,0
0.8273772438659699,-0.7376951317802901,0.8564047126006552,-0.47454519624983954,-0.4736736092984604,-0.5431925437033205,-0.4978947274915307,-0.5609748304808925,-0.8189865811572414,3.2513733362117265,-1.6238025415294657,0
-0.3693648410115938,1.3555735383351193,1.5708539459498805,-0.47454519624983954,-0.4736736092984604,-0.5431925437033205,-0.4978947274915307,-0.5609748304808925,-0.5368057694182641,-0.3075623426146228,0.6158384251930635,1
-1.5661069258891576,-0.7376951317802901,0.8188021213717487,-0.47454519624983954,-0.4736736092984604,1.8409678328467216,2.008456697338717,-0.5609748304808925,2.523411982756633,-0.3075623426146228,0.6158384251930635,0
0.8273772438659699,-0.7376951317802901,0.7435969389139355,-0.47454519624983954,-0.4736736092984604,-0.5431925437033205,-0.4978947274915307,-0.5609748304808925,-0.798539974052802,-0.3075623426146228,0.6158384251930635,0
-0.3693648410115938,-0.7376951317802901,-0.45968598041107545,1.340131927606843,0.7676298785983874,-0.5431925437033205,-0.4978947274915307,1.299429290952638,-0.4507125974257932,-0.3075623426146228,0.6158384251930635,0
-0.3693648410115938,1.3555735383351193,-2.038994812025152,0.4327933656785018,0.7676298785983874,-0.5431925437033205,-0.4978947274915307,0.6792945838081278,0.3444394801955362,-0.3075623426146228,0.6158384251930635,1
0.8273772438659699,-0.7376951317802901,-0.3092756154954491,-0.47454519624983954,-0.4736736092984604,-0.5431925437033205,2.008456697338717,-0.5609748304808925,-0.8823470582632056,-0.3075623426146228,-1.6238025415294657,0
0.8273772438659699,-0.7376951317802901,-0.9109170751579546,0.4327933656785018,0.7676298785983874,-0.5431925437033205,-0.4978947274915307,0.6792945838081278,-0.8823470582632056,-0.3075623426146228,-1.6238025415294657,0
0.8273772438659699,1.3555735383351193,-0.5724937540977952,-0.47454519624983954,2.0089333664952354,-0.5431925437033205,2.008456697338717,0.6792945838081278,0.19484336402527688,-0.3075623426146228,-1.6238025415294657,1
0.8273772438659699,1.3555735383351193,0.06675029679361683,-0.47454519624983954,-0.4736736092984604,-0.5431925437033205,-0.4978947274915307,-0.5609748304808925,-0.7165619336211217,-0.3075623426146228,0.6158384251930635,0
-0.3693648410115938,1.3555735383351193,-1.6629688997360863,-0.47454519624983954,2.0089333664952354,-0.5431925437033205,-0.4978947274915307,0.6792945838081278,0.35395586016517094,-0.3075623426146228,0.6158384251930635,1
-1.5661069258891576,-0.7376951317802901,1.1948280336608146,-0.47454519624983954,-0.4736736092984604,1.8409678328467216,-0.4978947274915307,-0.5609748304808925,0.36526093570402607,-0.3075623426146228,0.6158384251930635,0
-1.5661069258891576,1.3555735383351193,0.06675029679361683,-0.47454519624983954,-0.4736736092984604,-0.5431925437033205,-0.4978947274915307,-0.5609748304808925,1.7703041212742283,-0.3075623426146228,-1.6238025415294657,1
0.8273772438659699,-0.7376951317802901,-0.3092756154954491,-0.47454519624983954,-0.4736736092984604,-0.5431925437033205,2.008456697338717,-0.5609748304808925,-0.2286058134653583,-0.3075623426146228,0.6158384251930635,0
-1.5661069258891576,1.3555735383351193,-0.5348911628688886,-0.47454519624983954,2.0089333664952354,1.8409678328467216,-0.4978947274915307,0.6792945838081278,0.9909378569025421,-0.3075623426146228,-1.6238025415294657,1
-1.5661069258891576,1.3555735383351193,0.5179813915404959,-0.47454519624983954,2.0089333664952354,1.8409678328467216,-0.4978947274915307,0.6792945838081278,1.3571652197109427,-0.3075623426146228,0.6158384251930635,1
0.8273772438659699,1.3555735383351193,-1.51255853482046,3.1548090514635256,2.0089333664952354,-0.5431925437033205,-0.4978947274915307,3.1598334123861687,0.5286989276421437,-0.3075623426146228,0.6158384251930635,0
0.8273772438659699,1.3555735383351193,-1.3621481699048337,3.1548090514635256,2.0089333664952354,-0.5431925437033205,-0.4978947274915307,3.1598334123861687,0.5286989276421437,-0.3075623426146228,0.6158384251930635,0
-0.3693648410115938,-0.7376951317802901,0.2171606617092432,0.4327933656785018,-0.4736736092984604,-0.5431925437033205,-0.4978947274915307,0.059159876663617626,0.3444394801955362,-0.3075623426146228,0.6158384251930635,1
-1.5661069258891576,-0.7376951317802901,1.5708539459498805,0.4327933656785018,-0.4736736092984604,1.8409678328467216,-0.4978947274915307,0.059159876663617626,1.7703041212742283,-0.3075623426146228,-1.6238025415294657,0
-1.5661069258891576,-0.7376951317802901,2.623726500359265,-0.47454519624983954,-0.4736736092984604,-0.5431925437033205,-0.4978947274915307,-0.5609748304808925,0.3444394801955362,-0.3075623426146228,0.6158384251930635,0
-0.3693648410115938,1.3555735383351193,-0.7605067102423282,0.4327933656785018,-0.4736736092984604,-0.5431925437033205,-0.4978947274915307,0.059159876663617626,0.3444394801955362,-0.3075623426146228,0.6158384251930635,1
-0.3693648410115938,-0.7376951317802901,0.06675029679361683,-0.47454519624983954,-0.4736736092984604,-0.5431925437033205,2.008456697338717,-0.5609748304808925,-0.27197037165090676,-0.3075623426146228,-1.6238025415294657,1
0.8273772438659699,-0.7376951317802901,0.29236584416705635,0.4327933656785018,0.7676298785983874,-0.5431925437033205,-0.4978947274915307,0.6792945838081278,0.11044794172866994,-0.3075623426146228,0.6158384251930635,0
-0.3693648410115938,-0.7376951317802901,-1.5877637172782733,0.4327933656785018,0.7676298785983874,-0.5431925437033205,-0.4978947274915307,0.6792945838081278,0.6904870950626278,-0.3075623426146228,0.6158384251930635,1
-1.5661069258891576,-0.7376951317802901,-0.9109170751579546,-0.47454519624983954,2.0089333664952354,1.8409678328467216,-0.4978947274915307,0.6792945838081278,1.812289926928167,-0.3075623426146228,-1.6238025415294657,1
-0.3693648410115938,-0.7376951317802901,-0.15886525057982273,-0.47454519624983954,-0.4736736092984604,-0.5431925437033205,-0.4978947274915307,-0.5609748304808925,0.3444394801955362,-0.3075623426146228,0.6158384251930635,0
0.8273772438659699,-0.7376951317802901,-0.3092756154954491,-0.47454519624983954,-0.4736736092984604,-0.5431925437033205,2.008456697338717,-0.5609748304808925,-0.809682843697731,3.2513733362117265,-1.6238025415294657,0
0.8273772438659699,-0.7376951317802901,-0.5348911628688886,-0.47454519624983954,-0.4736736092984604,-0.5431925437033205,-0.4978947274915307,-0.5609748304808925,-0.8828741679067217,-0.3075623426146228,-1.6238025415294657,1
0.8273772438659699,1.3555735383351193,-0.5348911628688886,-0.47454519624983954,-0.4736736092984604,-0.5431925437033205,-0.4978947274915307,-0.5609748304808925,-0.8160407306065733,-0.3075623426146228,0.6158384251930635,1
-1.5661069258891576,-0.7376951317802901,2.4733161354436386,-0.47454519624983954,-0.4736736092984604,-0.5431925437033205,-0.4978947274915307,-0.5609748304808925,0.36526093570402607,-0.3075623426146228,0.6158384251930635,0
-1.5661069258891576,1.3555735383351193,1.4204435810342542,0.4327933656785018,-0.4736736092984604,1.8409678328467216,-0.4978947274915307,0.059159876663617626,0.7656365698356679,-0.3075623426146228,-1.6238025415294657,1
-1.5661069258891576,-0.7376951317802901,0.8188021213717487,-0.47454519624983954,-0.4736736092984604,-0.5431925437033205,2.008456697338717,-0.5609748304808925,2.5497045522452972,-0.3075623426146228,-1.6238025415294657,0
-1.5661069258891576,1.3555735383351193,0.7435969389139355,0.4327933656785018,0.7676298785983874,1.8409678328467216,-0.4978947274915307,0.6792945838081278,1.4743073772537167,-0.3075623426146228,0.6158384251930635,1
0.8273772438659699,1.3555735383351193,0.5179813915404959,0.4327933656785018,-0.4736736092984604,-0.5431925437033205,-0.4978947274915307,0.059159876663617626,-0.05151766087005573,-0.3075623426146228,0.6158384251930635,1
0.8273772438659699,-0.7376951317802901,-0.3092756154954491,-0.47454519624983954,-0.4736736092984604,-0.5431925437033205,2.008456697338717,-0.5609748304808925,-0.8189865811572414,3.2513733362117265,-1.6238025415294657,0
0.8273772438659699,-0.7376951317802901,0.8188021213717487,-0.47454519624983954,-0.4736736092984604,-0.5431925437033205,-0.4978947274915307,-0.5609748304808925,-0.8019236166026618,-0.3075623426146228,0.6158384251930635,0
-0.3693648410115938,-0.7376951317802901,-0.08366006812200955,-0.47454519624983954,-0.4736736092984604,-0.5431925437033205,-0.4978947274915307,-0.5609748304808925,-0.29746598596845064,-0.3075623426146228,0.6158384251930635,0
0.8273772438659699,-0.7376951317802901,-0.3092756154954491,-0.47454519624983954,-0.4736736092984604,-0.5431925437033205,2.008456697338717,-0.5609748304808925,-0.7841792430073967,-0.3075623426146228,0.6158384251930635,0
0.8273772438659699,1.3555735383351193,-0.5724937540977952,-0.47454519624983954,-0.4736736092984604,-0.5431925437033205,2.008456697338717,-0.5609748304808925,-0.7841792430073967,-0.3075623426146228,0.6158384251930635,0
0.8273772438659699,-0.7376951317802901,-0.3844807979532623,1.340131927606843,-0.4736736092984604,-0.5431925437033205,-0.4978947274915307,0.6792945838081278,0.2711522804976662,-0.3075623426146228,0.6158384251930635,0
0.8273772438659699,-0.7376951317802901,-0.7605067102423282,-0.47454519624983954,-0.4736736092984604,-0.5431925437033205,-0.4978947274915307,-0.5609748304808925,-0.8019236166026618,-0.3075623426146228,0.6158384251930635,0
0.8273772438659699,1.3555735383351193,-0.008454885664196365,-0.47454519624983954,4.491540342288931,-0.5431925437033205,-0.4978947274915307,1.9195639980971482,0.1364991380659541,-0.3075623426146228,0.6158384251930635,0
0.8273772438659699,-0.7376951317802901,-0.3092756154954491,-0.47454519624983954,-0.4736736092984604,-0.5431925437033205,2.008456697338717,-0.5609748304808925,-0.8823470582632056,-0.3075623426146228,-1.6238025415294657,0
0.8273772438659699,-0.7376951317802901,0.2171606617092432,-0.47454519624983954,-0.4736736092984604,-0.5431925437033205,-0.4978947274915307,-0.5609748304808925,-0.806763380796033,-0.3075623426146228,0.6158384251930635,1
-0.3693648410115938,-0.7376951317802901,2.4733161354436386,-0.47454519624983954,-0.4736736092984604,-0.5431925437033205,-0.4978947274915307,-0.5609748304808925,-0.5368057694182641,-0.3075623426146228,0.6158384251930635,1
-1.5661069258891576,1.3555735383351193,1.79646949332332,1.340131927606843,-0.4736736092984604,1.8409678328467216,-0.4978947274915307,0.6792945838081278,1.0306316027835163,-0.3075623426146228,0.6158384251930635,1
-1.5661069258891576,-0.7376951317802901,0.5179813915404959,-0.47454519624983954,-0.4736736092984604,1.8409678328467216,-0.4978947274915307,-0.5609748304808925,0.35915272270042775,-0.3075623426146228,0.6158384251930635,1
0.8273772438659699,1.3555735383351193,-0.5724937540977952,-0.47454519624983954,-0.4736736092984604,-0.5431925437033205,2.008456697338717,-0.5609748304808925,-0.8189865811572414,3.2513733362117265,-1.6238025415294657,1
0.8273772438659699,-0.7376951317802901,-0.9861222576157678,-0.47454519624983954,-0.4736736092984604,-0.5431925437033205,-0.4978947274915307,-0.5609748304808925,-0.7841792430073967,-0.3075623426146228,0.6158384251930635,0
0.8273772438659699,-0.7376951317802901,-0.7605067102423282,-0.47454519624983954,-0.4736736092984604,-0.5431925437033205,-0.4978947274915307,-0.5609748304808925,-0.2286058134653583,-0.3075623426146228,0.6158384251930635,0
-0.3693648410115938,1.3555735383351193,0.36757102662486957,-0.47454519624983954,-0.4736736092984604,-0.5431925437033205,-0.4978947274915307,-0.5609748304808925,-0.3336984726090336,-0.3075623426146228,0.6158384251930635,1
-1.5661069258891576,1.3555735383351193,0.7435969389139355,0.4327933656785018,-0.4736736092984604,1.8409678328467216,-0.4978947274915307,0.059159876663617626,1.1141402035210881,-0.3075623426146228,0.6158384251930635,1
0.8273772438659699,1.3555735383351193,-0.5724937540977952,0.4327933656785018,-0.4736736092984604,-0.5431925437033205,2.008456697338717,0.059159876663617626,-0.23138736843472296,-0.3075623426146228,-1.6238025415294657,0
0.8273772438659699,-0.7376951317802901,0.2171606617092432,-0.47454519624983954,-0.4736736092984604,-0.5431925437033205,-0.4978947274915307,-0.5609748304808925,-0.798539974052802,-0.3075623426146228,0.6158384251930635,1
-0.3693648410115938,1.3555735383351193,-0.3092756154954491,0.4327933656785018,0.7676298785983874,-0.5431925437033205,-0.4978947274915307,0.6792945838081278,0.4870824563024251,-0.3075623426146228,0.6158384251930635,1
-1.5661069258891576,1.3555735383351193,0.7435969389139355,0.4327933656785018,0.7676298785983874,1.8409678328467216,-0.4978947274915307,0.6792945838081278,1.812289926928167,-0.3075623426146228,-1.6238025415294657,1
-0.3693648410115938,-0.7376951317802901,1.8716746757811333,-0.47454519624983954,-0.4736736092984604,-0.5431925437033205,-0.4978947274915307,-0.5609748304808925,0.3444394801955362,-0.3075623426146228,0.6158384251930635,0
-1.5661069258891576,-0.7376951317802901,0.5179813915404959,-0.47454519624983954,-0.4736736092984604,1.8409678328467216,-0.4978947274915307,-0.5609748304808925,0.7789025328484201,-0.3075623426146228,-1.6238025415294657,0
0.8273772438659699,-0.7376951317802901,-0.3092756154954491,-0.47454519624983954,-0.4736736092984604,-0.5431925437033205,2.008456697338717,-0.5609748304808925,-0.71123278673221,-0.3075623426146228,-1.6238025415294657,0
-1.5661069258891576,1.3555735383351193,-0.8357118927001413,-0.47454519624983954,2.0089333664952354,1.8409678328467216,-0.4978947274915307,0.6792945838081278,1.4743073772537167,-0.3075623426146228,0.6158384251930635,1
-0.3693648410115938,-0.7376951317802901,1.345238398576441,-0.47454519624983954,-0.4736736092984604,-0.5431925437033205,-0.4978947274915307,-0.5609748304808925,-0.19582465009716046,-0.3075623426146228,0.6158384251930635,0
-1.5661069258891576,-0.7376951317802901,2.3229057705280125,0.4327933656785018,0.7676298785983874,1.8409678328467216,-0.4978947274915307,0.6792945838081278,1.4685301291949246,-0.3075623426146228,-1.6238025415294657,1
0.8273772438659699,-0.7376951317802901,-0.5348911628688886,-0.47454519624983954,-0.4736736092984604,-0.5431925437033205,-0.4978947274915307,-0.5609748304808925,-0.7841792430073967,-0.3075623426146228,0.6158384251930635,0
0.8273772438659699,-0.7376951317802901,-0.3092756154954491,-0.47454519624983954,-0.4736736092984604,-0.5431925437033205,2.008456697338717,-0.5609748304808925,-0.7841792430073967,-0.3075623426146228,0.6158384251930635,0
0.8273772438659699,-0.7376951317802901,0.4427762090826827,-0.47454519624983954,-0.4736736092984604,-0.5431925437033205,-0.4978947274915307,-0.5609748304808925,-0.8955045384601199,-0.3075623426146228,0.6158384251930635,0
-1.5661069258891576,1.3555735383351193,1.7212643108655068,0.4327933656785018,-0.4736736092984604,1.8409678328467216,-0.4978947274915307,0.059159876663617626,1.4564440718289613,-0.3075623426146228,-1.6238025415294657,1
0.8273772438659699,-0.7376951317802901,1.345238398576441,-0.47454519624983954,-0.4736736092984604,-0.5431925437033205,-0.4978947274915307,-0.5609748304808925,-0.8797405693934278,-0.3075623426146228,0.6158384251930635,0
0.8273772438659699,1.3555735383351193,-0.5724937540977952,-0.47454519624983954,2.0089333664952354,-0.5431925437033205,2.008456697338717,0.6792945838081278,-0.8189865811572414,3.2513733362117265,-1.6238025415294657,0
-0.3693648410115938,-0.7376951317802901,0.5931865739983091,0.4327933656785018,-0.4736736092984604,-0.5431925437033205,-0.4978947274915307,0.059159876663617626,0.3444394801955362,-0.3075623426146228,0.6158384251930635,0
0.8273772438659699,-0.7376951317802901,0.5179813915404959,0.4327933656785018,0.7676298785983874,-0.5431925437033205,-0.4978947274915307,0.6792945838081278,0.2711522804976662,-0.3075623426146228,0.6158384251930635,0
-0.3693648410115938,1.3555735383351193,-0.08366006812200955,-0.47454519624983954,-0.4736736092984604,-0.5431925437033205,2.008456697338717,-0.5609748304808925,0.5824597491940529,-0.3075623426146228,0.6158384251930635,1
0.8273772438659699,-0.7376951317802901,1.4956487634920672,-0.47454519624983954,-0.4736736092984604,-0.5431925437033205,-0.4978947274915307,-0.5609748304808925,-3.0585777291682934,-0.3075623426146228,0.6158384251930635,0
0.8273772438659699,-0.7376951317802901,-0.3092756154954491,-0.47454519624983954,-0.4736736092984604,-0.5431925437033205,2.008456697338717,-0.5609748304808925,-0.8828741679067217,-0.3075623426146228,-1.6238025415294657,0
-1.5661069258891576,-0.7376951317802901,1.4956487634920672,0.4327933656785018,-0.4736736092984604,1.8409678328467216,-0.4978947274915307,0.059159876663617626,1.1326493972880125,-0.3075623426146228,-1.6238025415294657,1
-0.3693648410115938,1.3555735383351193,-0.3844807979532623,1.340131927606843,0.7676298785983874,-0.5431925437033205,-0.4978947274915307,1.299429290952638,0.3819897971587497,-0.3075623426146228,0.6158384251930635,1
0.8273772438659699,-0.7376951317802901,-0.3092756154954491,-0.47454519624983954,-0.4736736092984604,-0.5431925437033205,2.008456697338717,-0.5609748304808925,-0.8019236166026618,-0.3075623426146228,0.6158384251930635,0
-1.5661069258891576,-0.7376951317802901,0.8188021213717487,-0.47454519624983954,-0.4736736092984604,-0.5431925437033205,2.008456697338717,-0.5609748304808925,0.8344967423387601,-0.3075623426146228,0.6158384251930635,0
0.8273772438659699,-0.7376951317802901,1.1196228512030013,-0.47454519624983954,-0.4736736092984604,-0.5431925437033205,-0.4978947274915307,-0.5609748304808925,-0.7841792430073967,-0.3075623426146228,0.6158384251930635,0
-1.5661069258891576,-0.7376951317802901,0.4427762090826827,-0.47454519624983954,-0.4736736092984604,-0.5431925437033205,-0.4978947274915307,-0.5609748304808925,0.36526093570402607,-0.3075623426146228,-1.6238025415294657,1
0.8273772438659699,-0.7376951317802901,0.5179813915404959,0.4327933656785018,-0.4736736092984604,-0.5431925437033205,-0.4978947274915307,0.059159876663617626,-0.16092818251417132,-0.3075623426146228,0.6158384251930635,0
0.8273772438659699,-0.7376951317802901,0.06675029679361683,-0.47454519624983954,-0.4736736092984604,-0.5431925437033205,-0.4978947274915307,-0.5609748304808925,-0.8019236166026618,-0.3075623426146228,0.6158384251930635,0
-1.5661069258891576,-0.7376951317802901,-0.15886525057982273,-0.47454519624983954,-0.4736736092984604,-0.5431925437033205,-0.4978947274915307,-0.5609748304808925,0.5036031274312862,-0.3075623426146228,0.6158384251930635,1
-0.3693648410115938,1.3555735383351193,-0.5348911628688886,0.4327933656785018,2.0089333664952354,-0.5431925437033205,-0.4978947274915307,1.299429290952638,0.8147822510349934,-0.3075623426146228,-1.6238025415294657,1
-1.5661069258891576,1.3555735383351193,0.8188021213717487,-0.47454519624983954,-0.4736736092984604,1.8409678328467216,-0.4978947274915307,-0.5609748304808925,2.14527242190355,-0.3075623426146228,0.6158384251930635,1
0.8273772438659699,1.3555735383351193,0.7435969389139355,0.4327933656785018,5.73284383018578,-0.5431925437033205,-0.4978947274915307,3.1598334123861687,0.5286989276421437,-0.3075623426146228,0.6158384251930635,0
0.8273772438659699,-0.7376951317802901,-0.3092756154954491,-0.47454519624983954,-0.4736736092984604,-0.5431925437033205,2.008456697338717,-0.5609748304808925,-0.9050797531497122,-0.3075623426146228,0.6158384251930635,0
0.8273772438659699,1.3555735383351193,-0.5724937540977952,0.4327933656785018,-0.4736736092984604,-0.5431925437033205,2.008456697338717,0.059159876663617626,-0.16405229962564447,3.2513733362117265,-1.6238025415294657,1
0.8273772438659699,-0.7376951317802901,-0.3092756154954491,-0.47454519624983954,-0.4736736092984604,-0.5431925437033205,2.008456697338717,-0.5609748304808925,-0.8189865811572414,3.2513733362117265,-1.6238025415294657,0
0.8273772438659699,-0.7376951317802901,0.4427762090826827,-0.47454519624983954,-0.4736736092984604,-0.5431925437033205,-0.4978947274915307,-0.5609748304808925,-0.7841792430073967,-0.3075623426146228,0.6158384251930635,0
-0.3693648410115938,1.3555735383351193,-0.3844807979532623,0.4327933656785018,2.0089333664952354,-0.5431925437033205,-0.4978947274915307,1.299429290952638,1.2673242399099218,-0.3075623426146228,0.6158384251930635,1
0.8273772438659699,-0.7376951317802901,0.36757102662486957,0.4327933656785018,0.7676298785983874,-0.5431925437033205,-0.4978947274915307,0.6792945838081278,-0.23528881360946907,-0.3075623426146228,0.6158384251930635,0
0.8273772438659699,1.3555735383351193,-0.23407043303763592,0.4327933656785018,-0.4736736092984604,-0.5431925437033205,-0.4978947274915307,0.059159876663617626,-0.12717266791993012,-0.3075623426146228,0.6158384251930635,0
-0.3693648410115938,1.3555735383351193,-1.8885844471095259,1.340131927606843,0.7676298785983874,1.8409678328467216,-0.4978947274915307,1.299429290952638,0.750263780890198,-0.3075623426146228,0.6158384251930635,1
-0.3693648410115938,-0.7376951317802901,-0.23407043303763592,-0.47454519624983954,-0.4736736092984604,-0.5431925437033205,-0.4978947274915307,-0.5609748304808925,-0.5368057694182641,-0.3075623426146228,0.6158384251930635,0
0.8273772438659699,-0.7376951317802901,-0.15886525057982273,0.4327933656785018,-0.4736736092984604,-0.5431925437033205,-0.4978947274915307,0.059159876663617626,-0.23166125968823223,-0.3075623426146228,-1.6238025415294657,0
-1.5661069258891576,-0.7376951317802901,0.969212486287375,0.4327933656785018,-0.4736736092984604,1.8409678328467216,-0.4978947274915307,0.059159876663617626,1.0515683442816504,-0.3075623426146228,0.6158384251930635,1
0.8273772438659699,-0.7376951317802901,-0.685301527784515,0.4327933656785018,0.7676298785983874,-0.5431925437033205,-0.4978947274915307,0.6792945838081278,-0.14903715526900022,-0.3075623426146228,-1.6238025415294657,1
0.8273772438659699,-0.7376951317802901,-0.6100963453267019,-0.47454519624983954,-0.4736736092984604,-0.5431925437033205,-0.4978947274915307,-0.5609748304808925,-0.806763380796033,-0.3075623426146228,0.6158384251930635,0
0.8273772438659699,-0.7376951317802901,-0.6100963453267019,-0.47454519624983954,-0.4736736092984604,-0.5431925437033205,-0.4978947274915307,-0.5609748304808925,-0.12717266791993012,-0.3075623426146228,0.6158384251930635,0
-1.5661069258891576,-0.7376951317802901,2.3981109529858253,-0.47454519624983954,-0.4736736092984604,1.8409678328467216,-0.4978947274915307,-0.5609748304808925,0.5616248415955212,-0.3075623426146228,0.6158384251930635,0
-0.3693648410115938,-0.7376951317802901,2.0972902231545727,-0.47454519624983954,-0.4736736092984604,-0.5431925437033205,-0.4978947274915307,-0.5609748304808925,-0.38278544498532663,3.2513733362117265,-1.6238025415294657,0
-1.5661069258891576,1.3555735383351193,-0.6100963453267019,-0.47454519624983954,-0.4736736092984604,1.8409678328467216,-0.4978947274915307,-0.5609748304808925,1.452419049919151,-0.3075623426146228,0.6158384251930635,1
0.8273772438659699,-0.7376951317802901,-0.23407043303763592,-0.47454519624983954,-0.4736736092984604,-0.5431925437033205,-0.4978947274915307,-0.5609748304808925,-0.8019236166026618,-0.3075623426146228,0.6158384251930635,0
0.8273772438659699,-0.7376951317802901,-0.3092756154954491,-0.47454519624983954,-0.4736736092984604,-0.5431925437033205,2.008456697338717,-0.5609748304808925,-0.8209591021193487,3.2513733362117265,-1.6238025415294657,0
-1.5661069258891576,-0.7376951317802901,3.827009419684276,-0.47454519624983954,-0.4736736092984604,1.8409678328467216,-0.4978947274915307,-0.5609748304808925,0.4870824563024251,-0.3075623426146228,0.6158384251930635,1
0.8273772438659699,-0.7376951317802901,1.6460591284076938,-0.47454519624983954,-0.4736736092984604,-0.5431925437033205,-0.4978947274915307,-0.5609748304808925,-0.9045411875888885,-0.3075623426146228,0.6158384251930635,0
-1.5661069258891576,-0.7376951317802901,0.2171606617092432,-0.47454519624983954,-0.4736736092984604,1.8409678328467216,-0.4978947274915307,-0.5609748304808925,0.5036031274312862,-0.3075623426146228,-1.6238025415294657,1
-1.5661069258891576,-0.7376951317802901,0.8188021213717487,-0.47454519624983954,-0.4736736092984604,-0.5431925437033205,2.008456697338717,-0.5609748304808925,-3.0585777291682934,-0.3075623426146228,0.6158384251930635,0
0.8273772438659699,1.3555735383351193,-1.51255853482046,2.2474704895351842,2.0089333664952354,-0.5431925437033205,-0.4978947274915307,2.5396987052416584,0.4146557174979072,-0.3075623426146228,0.6158384251930635,0
-0.3693648410115938,1.3555735383351193,-0.08366006812200955,-0.47454519624983954,-0.4736736092984604,-0.5431925437033205,-0.4978947274915307,-0.5609748304808925,-0.3336984726090336,-0.3075623426146228,0.6158384251930635,1
0.8273772438659699,-0.7376951317802901,0.2171606617092432,-0.47454519624983954,-0.4736736092984604,-0.5431925437033205,-0.4978947274915307,-0.5609748304808925,-0.798539974052802,-0.3075623426146228,0.6158384251930635,0
-0.3693648410115938,-0.7376951317802901,0.14195547925143,0.4327933656785018,0.7676298785983874,-0.5431925437033205,-0.4978947274915307,0.6792945838081278,0.35395586016517094,-0.3075623426146228,0.6158384251930635,0
0.8273772438659699,1.3555735383351193,0.8940073038295618,-0.47454519624983954,5.73284383018578,-0.5431925437033205,-0.4978947274915307,2.5396987052416584,0.7678594338107121,-0.3075623426146228,0.6158384251930635,0
0.8273772438659699,-0.7376951317802901,-0.3092756154954491,0.4327933656785018,-0.4736736092984604,-0.5431925437033205,2.008456697338717,0.059159876663617626,-0.12717266791993012,-0.3075623426146228,0.6158384251930635,0
0.8273772438659699,-0.7376951317802901,-0.685301527784515,-0.47454519624983954,-0.4736736092984604,-0.5431925437033205,-0.4978947274915307,-0.5609748304808925,-0.806763380796033,-0.3075623426146228,0.6158384251930635,0
-1.5661069258891576,1.3555735383351193,-0.3844807979532623,-0.47454519624983954,-0.4736736092984604,1.8409678328467216,-0.4978947274915307,-0.5609748304808925,1.3324938581871215,-0.3075623426146228,-1.6238025415294657,1
0.8273772438659699,1.3555735383351193,-2.038994812025152,2.2474704895351842,2.0089333664952354,-0.5431925437033205,-0.4978947274915307,2.5396987052416584,0.4146557174979072,-0.3075623426146228,0.6158384251930635,0
0.8273772438659699,-0.7376951317802901,-0.3092756154954491,-0.47454519624983954,-0.4736736092984604,-0.5431925437033205,2.008456697338717,-0.5609748304808925,1.1248955097361604,-0.3075623426146228,0.6158384251930635,1
0.8273772438659699,1.3555735383351193,-2.1330012900974187,1.340131927606843,0.7676298785983874,-0.5431925437033205,-0.4978947274915307,1.299429290952638,0.047825129435189045,-0.3075623426146228,-1.6238025415294657,1
-1.5661069258891576,-0.7376951317802901,1.4204435810342542,0.4327933656785018,-0.4736736092984604,1.8409678328467216,-0.4978947274915307,0.059159876663617626,1.4362199751817062,-0.3075623426146228,-1.6238025415294657,1
0.8273772438659699,-0.7376951317802901,-0.7605067102423282,-0.47454519624983954,-0.4736736092984604,-0.5431925437033205,-0.4978947274915307,-0.5609748304808925,-0.8019236166026618,-0.3075623426146228,0.6158384251930635,0
-1.5661069258891576,-0.7376951317802901,2.0220850406967594,-0.47454519624983954,-0.4736736092984604,1.8409678328467216,-0.4978947274915307,-0.5609748304808925,0.6557188297748954,-0.3075623426146228,-1.6238025415294657,1
0.8273772438659699,-0.7376951317802901,-0.3092756154954491,-0.47454519624983954,-0.4736736092984604,-0.5431925437033205,2.008456697338717,-0.5609748304808925,-0.8428609376877135,-0.3075623426146228,0.6158384251930635,0
0.8273772438659699,1.3555735383351193,-0.45968598041107545,-0.47454519624983954,-0.4736736092984604,-0.5431925437033205,-0.4978947274915307,-0.5609748304808925,-0.8428609376877135,-0.3075623426146228,0.6158384251930635,1
0.8273772438659699,-0.7376951317802901,-0.3092756154954491,-0.47454519624983954,-0.4736736092984604,-0.5431925437033205,2.008456697338717,-0.5609748304808925,-0.8019236166026618,-0.3075623426146228,0.6158384251930635,0
-0.3693648410115938,1.3555735383351193,-0.8357118927001413,-0.47454519624983954,0.7676298785983874,-0.5431925437033205,-0.4978947274915307,0.059159876663617626,0.2228261499229997,-0.3075623426146228,0.6158384251930635,1
0.8273772438659699,-0.7376951317802901,-0.6100963453267019,-0.47454519624983954,-0.4736736092984604,-0.5431925437033205,-0.4978947274915307,-0.5609748304808925,-0.741349052303618,-0.3075623426146228,0.6158384251930635,0
0.8273772438659699,1.3555735383351193,-0.5724937540977952,-0.47454519624983954,-0.4736736092984604,-0.5431925437033205,2.008456697338717,-0.5609748304808925,-0.809682843697731,3.2513733362117265,-1.6238025415294657,1
0.8273772438659699,1.3555735383351193,-0.8357118927001413,-0.47454519624983954,-0.4736736092984604,-0.5431925437033205,-0.4978947274915307,-0.5609748304808925,-0.9442940832331417,3.2513733362117265,-1.6238025415294657,0
-0.3693648410115938,-0.7376951317802901,-0.3844807979532623,1.340131927606843,-0.4736736092984604,-0.5431925437033205,-0.4978947274915307,0.6792945838081278,1.3924082286355355,-0.3075623426146228,0.6158384251930635,0
0.8273772438659699,-0.7376951317802901,-0.3092756154954491,-0.47454519624983954,-0.4736736092984604,-0.5431925437033205,2.008456697338717,-0.5609748304808925,-0.8019236166026618,-0.3075623426146228,0.6158384251930635,0
0.8273772438659699,1.3555735383351193,0.2171606617092432,0.4327933656785018,0.7676298785983874,-0.5431925437033205,-0.4978947274915307,0.6792945838081278,-0.16405229962564447,3.2513733362117265,-1.6238025415294657,0
-0.3693648410115938,-0.7376951317802901,-0.45968598041107545,-0.47454519624983954,-0.4736736092984604,-0.5431925437033205,-0.4978947274915307,-0.5609748304808925,-0.3336984726090336,-0.3075623426146228,0.6158384251930635,0
-1.5661069258891576,-0.7376951317802901,2.172495405612386,-0.47454519624983954,2.0089333664952354,1.8409678328467216,-0.4978947274915307,0.6792945838081278,1.834129231109428,-0.3075623426146228,-1.6238025415294657,0
-1.5661069258891576,-0.7376951317802901,1.5708539459498805,1.340131927606843,-0.4736736092984604,-0.5431925437033205,-0.4978947274915307,0.6792945838081278,2.003535801391161,-0.3075623426146228,0.6158384251930635,1
0.8273772438659699,-0.7376951317802901,0.8188021213717487,-0.47454519624983954,-0.4736736092984604,-0.5431925437033205,-0.4978947274915307,-0.5609748304808925,-0.8828741679067217,-0.3075623426146228,-1.6238025415294657,0
-1.5661069258891576,-0.7376951317802901,1.345238398576441,-0.47454519624983954,-0.4736736092984604,1.8409678328467216,-0.4978947274915307,-0.5609748304808925,0.32854312829417104,-0.3075623426146228,0.6158384251930635,0
0.8273772438659699,-0.7376951317802901,0.5179813915404959,-0.47454519624983954,-0.4736736092984604,-0.5431925437033205,-0.4978947274915307,-0.5609748304808925,-0.8494271027413144,-0.3075623426146228,0.6158384251930635,0
0.8273772438659699,-0.7376951317802901,-0.685301527784515,0.4327933656785018,-0.4736736092984604,-0.5431925437033205,-0.4978947274915307,0.059159876663617626,-0.798539974052802,-0.3075623426146228,0.6158384251930635,1
-0.3693648410115938,-0.7376951317802901,0.2171606617092432,1.340131927606843,-0.4736736092984604,-0.5431925437033205,-0.4978947274915307,0.6792945838081278,1.3924082286355355,-0.3075623426146228,0.6158384251930635,0
-0.3693648410115938,-0.7376951317802901,-0.3092756154954491,-0.47454519624983954,-0.4736736092984604,-0.5431925437033205,-0.4978947274915307,-0.5609748304808925,-0.3336984726090336,-0.3075623426146228,0.6158384251930635,0
0.8273772438659699,-0.7376951317802901,-0.3092756154954491,-0.47454519624983954,-0.4736736092984604,-0.5431925437033205,2.008456697338717,-0.5609748304808925,-0.8160407306065733,-0.3075623426146228,0.6158384251930635,0
0.8273772438659699,-0.7376951317802901,1.0444176687451883,-0.47454519624983954,-0.4736736092984604,-0.5431925437033205,-0.4978947274915307,-0.5609748304808925,-0.7841792430073967,-0.3075623426146228,0.6158384251930635,0
-1.5661069258891576,1.3555735383351193,0.4427762090826827,0.4327933656785018,-0.4736736092984604,1.8409678328467216,2.008456697338717,0.059159876663617626,1.0408277503255374,-0.3075623426146228,0.6158384251930635,1
-0.3693648410115938,1.3555735383351193,0.8188021213717487,0.4327933656785018,0.7676298785983874,-0.5431925437033205,-0.4978947274915307,0.6792945838081278,0.750263780890198,-0.3075623426146228,0.6158384251930635,1
-1.5661069258891576,-0.7376951317802901,0.14195547925143,0.4327933656785018,-0.4736736092984604,1.8409678328467216,-0.4978947274915307,0.059159876663617626,1.0408277503255374,-0.3075623426146228,0.6158384251930635,0
-0.3693648410115938,-0.7376951317802901,3.0749575951061443,-0.47454519624983954,-0.4736736092984604,-0.5431925437033205,-0.4978947274915307,-0.5609748304808925,-0.5368057694182641,-0.3075623426146228,0.6158384251930635,0
-0.3693648410115938,-0.7376951317802901,0.14195547925143,-0.47454519624983954,-0.4736736092984604,-0.5431925437033205,-0.4978947274915307,-0.5609748304808925,-0.3336984726090336,-0.3075623426146228,0.6158384251930635,1
-0.3693648410115938,-0.7376951317802901,0.06675029679361683,-0.47454519624983954,-0.4736736092984604,-0.5431925437033205,2.008456697338717,-0.5609748304808925,-3.0585777291682934,-0.3075623426146228,0.6158384251930635,0
0.8273772438659699,-0.7376951317802901,-0.8357118927001413,-0.47454519624983954,-0.4736736092984604,-0.5431925437033205,-0.4978947274915307,-0.5609748304808925,-0.8160407306065733,-0.3075623426146228,0.6158384251930635,0
0.8273772438659699,-0.7376951317802901,-0.3468782067243557,-0.47454519624983954,-0.4736736092984604,-0.5431925437033205,-0.4978947274915307,-0.5609748304808925,-0.7841792430073967,-0.3075623426146228,0.6158384251930635,0
0.8273772438659699,1.3555735383351193,-0.8357118927001413,-0.47454519624983954,-0.4736736092984604,-0.5431925437033205,-0.4978947274915307,-0.5609748304808925,-0.597669953407196,-0.3075623426146228,0.6158384251930635,1
0.8273772438659699,1.3555735383351193,1.0444176687451883,0.4327933656785018,6.974147318082627,-0.5431925437033205,-0.4978947274915307,3.779968119530679,0.936361092700485,-0.3075623426146228,0.6158384251930635,0
-1.5661069258891576,-0.7376951317802901,0.5179813915404959,-0.47454519624983954,0.7676298785983874,1.8409678328467216,-0.4978947274915307,0.059159876663617626,3.3852937438182273,-0.3075623426146228,-1.6238025415294657,1
0.8273772438659699,1.3555735383351193,-0.5724937540977952,-0.47454519624983954,-0.4736736092984604,-0.5431925437033205,2.008456697338717,-0.5609748304808925,-0.774244266805356,3.2513733362117265,-1.6238025415294657,0
-1.5661069258891576,-0.7376951317802901,-0.15886525057982273,-0.47454519624983954,-0.4736736092984604,1.8409678328467216,-0.4978947274915307,-0.5609748304808925,1.4362199751817062,-0.3075623426146228,-1.6238025415294657,1
0.8273772438659699,-0.7376951317802901,-0.685301527784515,-0.47454519624983954,-0.4736736092984604,-0.5431925437033205,-0.4978947274915307,-0.5609748304808925,-0.658138561741074,-0.3075623426146228,0.6158384251930635,0
0.8273772438659699,-0.7376951317802901,-1.136532622531394,4.0621476133918675,2.0089333664952354,-0.5431925437033205,-0.4978947274915307,3.779968119530679,0.936361092700485,-0.3075623426146228,0.6158384251930635,0
-0.3693648410115938,-0.7376951317802901,2.3229057705280125,0.4327933656785018,0.7676298785983874,-0.5431925437033205,-0.4978947274915307,0.6792945838081278,0.750263780890198,-0.3075623426146228,0.6158384251930635,0
-0.3693648410115938,-0.7376951317802901,-0.3092756154954491,0.4327933656785018,2.0089333664952354,-0.5431925437033205,-0.4978947274915307,1.299429290952638,0.8147822510349934,-0.3075623426146228,-1.6238025415294657,0
0.8273772438659699,-0.7376951317802901,-1.136532622531394,3.1548090514635256,0.7676298785983874,-0.5431925437033205,-0.4978947274915307,2.5396987052416584,0.7678594338107121,-0.3075623426146228,0.6158384251930635,0
0.8273772438659699,-0.7376951317802901,-0.7605067102423282,-0.47454519624983954,-0.4736736092984604,-0.5431925437033205,-0.4978947274915307,-0.5609748304808925,-0.5667940759868451,-0.3075623426146228,0.6158384251930635,0
0.8273772438659699,-0.7376951317802901,-0.8357118927001413,-0.47454519624983954,-0.4736736092984604,-0.5431925437033205,-0.4978947274915307,-0.5609748304808925,-0.8135961720983267,-0.3075623426146228,0.6158384251930635,0
-1.5661069258891576,1.3555735383351193,-1.061327440073581,-0.47454519624983954,0.7676298785983874,1.8409678328467216,-0.4978947274915307,0.059159876663617626,2.4738467350641637,-0.3075623426146228,0.6158384251930635,1
-1.5661069258891576,-0.7376951317802901,0.14195547925143,0.4327933656785018,-0.4736736092984604,1.8409678328467216,-0.4978947274915307,0.059159876663617626,1.1339105535671157,-0.3075623426146228,0.6158384251930635,1
0.8273772438659699,1.3555735383351193,-1.8885844471095259,-0.47454519624983954,0.7676298785983874,-0.5431925437033205,-0.4978947274915307,0.059159876663617626,-0.3034147385612252,-0.3075623426146228,-1.6238025415294657,1
0.8273772438659699,-0.7376951317802901,-0.3092756154954491,-0.47454519624983954,-0.4736736092984604,-0.5431925437033205,2.008456697338717,-0.5609748304808925,1.1248955097361604,-0.3075623426146228,0.6158384251930635,1
0.8273772438659699,-0.7376951317802901,-0.3092756154954491,-0.47454519624983954,-0.4736736092984604,-0.5431925437033205,-0.4978947274915307,-0.5609748304808925,-0.8828741679067217,-0.3075623426146228,-1.6238025415294657,0
-1.5661069258891576,-0.7376951317802901,2.3229057705280125,-0.47454519624983954,-0.4736736092984604,-0.5431925437033205,-0.4978947274915307,-0.5609748304808925,0.36526093570402607,-0.3075623426146228,0.6158384251930635,0
-0.3693648410115938,-0.7376951317802901,1.7212643108655068,-0.47454519624983954,-0.4736736092984604,-0.5431925437033205,-0.4978947274915307,-0.5609748304808925,-0.29746598596845064,-0.3075623426146228,0.6158384251930635,0
0.8273772438659699,-0.7376951317802901,1.1196228512030013,-0.47454519624983954,-0.4736736092984604,-0.5431925437033205,-0.4978947274915307,-0.5609748304808925,-0.7841792430073967,-0.3075623426146228,0.6158384251930635,0
0.8273772438659699,1.3555735383351193,-0.5724937540977952,-0.47454519624983954,-0.4736736092984604,-0.5431925437033205,2.008456697338717,-0.5609748304808925,-0.8209591021193487,3.2513733362117265,-1.6238025415294657,1
-1.5661069258891576,-0.7376951317802901,1.4956487634920672,0.4327933656785018,0.7676298785983874,1.8409678328467216,-0.4978947274915307,0.6792945838081278,1.812289926928167,-0.3075623426146228,-1.6238025415294657,0
0.8273772438659699,-0.7376951317802901,0.969212486287375,-0.47454519624983954,-0.4736736092984604,1.8409678328467216,-0.4978947274915307,-0.5609748304808925,-0.830854756854953,-0.3075623426146228,0.6158384251930635,0
-1.5661069258891576,1.3555735383351193,-0.8357118927001413,0.4327933656785018,-0.4736736092984604,1.8409678328467216,-0.4978947274915307,0.059159876663617626,2.5497045522452972,-0.3075623426146228,-1.6238025415294657,1
-1.5661069258891576,-0.7376951317802901,0.4427762090826827,-0.47454519624983954,-0.4736736092984604,1.8409678328467216,-0.4978947274915307,-0.5609748304808925,0.3553757823476229,-0.3075623426146228,0.6158384251930635,1
0.8273772438659699,1.3555735383351193,-0.8357118927001413,-0.47454519624983954,0.7676298785983874,-0.5431925437033205,-0.4978947274915307,0.059159876663617626,-0.23166125968823223,-0.3075623426146228,-1.6238025415294657,0
0.8273772438659699,-0.7376951317802901,-0.3092756154954491,-0.47454519624983954,-0.4736736092984604,-0.5431925437033205,-0.4978947274915307,-0.5609748304808925,-0.8199664648688783,3.2513733362117265,-1.6238025415294657,0
0.8273772438659699,-0.7376951317802901,-0.23407043303763592,0.4327933656785018,-0.4736736092984604,-0.5431925437033205,-0.4978947274915307,0.059159876663617626,-0.806763380796033,-0.3075623426146228,0.6158384251930635,0
-0.3693648410115938,-0.7376951317802901,0.7435969389139355,-0.47454519624983954,-0.4736736092984604,-0.5431925437033205,-0.4978947274915307,-0.5609748304808925,0.3444394801955362,-0.3075623426146228,0.6158384251930635,0
-0.3693648410115938,1.3555735383351193,1.1948280336608146,-0.47454519624983954,-0.4736736092984604,-0.5431925437033205,-0.4978947274915307,-0.5609748304808925,-0.29746598596845064,-0.3075623426146228,0.6158384251930635,1
-1.5661069258891576,-0.7376951317802901,0.969212486287375,-0.47454519624983954,-0.4736736092984604,1.8409678328467216,-0.4978947274915307,-0.5609748304808925,0.3553757823476229,-0.3075623426146228,0.6158384251930635,1
-1.5661069258891576,1.3555735383351193,-0.5348911628688886,-0.47454519624983954,-0.4736736092984604,-0.5431925437033205,-0.4978947274915307,-0.5609748304808925,2.132408321022389,-0.3075623426146228,0.6158384251930635,1
0.8273772438659699,-0.7376951317802901,-0.3092756154954491,0.4327933656785018,0.7676298785983874,-0.5431925437033205,2.008456697338717,0.6792945838081278,-0.1800831698720664,-0.3075623426146228,-1.6238025415294657,1
-1.5661069258891576,1.3555735383351193,-0.3844807979532623,-0.47454519624983954,-0.4736736092984604,1.8409678328467216,-0.4978947274915307,-0.5609748304808925,0.9910237262754293,-0.3075623426146228,-1.6238025415294657,1
-1.5661069258891576,-0.7376951317802901,0.8188021213717487,-0.47454519624983954,-0.4736736092984604,1.8409678328467216,2.008456697338717,-0.5609748304808925,0.36526093570402607,-0.3075623426146228,0.6158384251930635,0
-1.5661069258891576,-0.7376951317802901,1.4204435810342542,0.4327933656785018,-0.4736736092984604,1.8409678328467216,-0.4978947274915307,0.059159876663617626,1.0408277503255374,-0.3075623426146228,0.6158384251930635,1
0.8273772438659699,-0.7376951317802901,-0.008454885664196365,-0.47454519624983954,-0.4736736092984604,-0.5431925437033205,-0.4978947274915307,-0.5609748304808925,-0.6323794480268654,-0.3075623426146228,0.6158384251930635,0
-0.3693648410115938,-0.7376951317802901,1.7212643108655068,-0.47454519624983954,-0.4736736092984604,-0.5431925437033205,-0.4978947274915307,-0.5609748304808925,-0.3336984726090336,-0.3075623426146228,0.6158384251930635,0
0.8273772438659699,-0.7376951317802901,-0.7605067102423282,-0.47454519624983954,-0.4736736092984604,1.8409678328467216,-0.4978947274915307,-0.5609748304808925,-0.830854756854953,-0.3075623426146228,0.6158384251930635,0
-1.5661069258891576,1.3555735383351193,0.6683917564561223,-0.47454519624983954,-0.4736736092984604,1.8409678328467216,-0.4978947274915307,-0.5609748304808925,2.5497045522452972,-0.3075623426146228,-1.6238025415294657,1
-0.3693648410115938,1.3555735383351193,-0.15886525057982273,-0.47454519624983954,-0.4736736092984604,1.8409678328467216,-0.4978947274915307,-0.5609748304808925,-0.5368057694182641,-0.3075623426146228,0.6158384251930635,1
0.8273772438659699,-0.7376951317802901,-0.3092756154954491,-0.47454519624983954,-0.4736736092984604,-0.5431925437033205,2.008456697338717,-0.5609748304808925,-0.16405229962564447,3.2513733362117265,-1.6238025415294657,0
0.8273772438659699,-0.7376951317802901,0.29236584416705635,-0.47454519624983954,-0.4736736092984604,-0.5431925437033205,-0.4978947274915307,-0.5609748304808925,-0.8160407306065733,-0.3075623426146228,0.6158384251930635,0
-0.3693648410115938,1.3555735383351193,-1.7381740821938996,-0.47454519624983954,0.7676298785983874,-0.5431925437033205,-0.4978947274915307,0.059159876663617626,0.5824597491940529,-0.3075623426146228,0.6158384251930635,1
0.8273772438659699,-0.7376951317802901,-0.9109170751579546,0.4327933656785018,-0.4736736092984604,-0.5431925437033205,-0.4978947274915307,0.059159876663617626,-0.9045411875888885,-0.3075623426146228,0.6158384251930635,0
-0.3693648410115938,-0.7376951317802901,0.36757102662486957,-0.47454519624983954,-0.4736736092984604,-0.5431925437033205,-0.4978947274915307,-0.5609748304808925,-0.3336984726090336,-0.3075623426146228,0.6158384251930635,0
-0.3693648410115938,-0.7376951317802901,1.5708539459498805,-0.47454519624983954,-0.4736736092984604,-0.5431925437033205,-0.4978947274915307,-0.5609748304808925,-0.3336984726090336,-0.3075623426146228,0.6158384251930635,0
-1.5661069258891576,-0.7376951317802901,-0.15886525057982273,0.4327933656785018,-0.4736736092984604,1.8409678328467216,-0.4978947274915307,0.059159876663617626,1.0620380556287106,-0.3075623426146228,0.6158384251930635,1
0.8273772438659699,-0.7376951317802901,-0.685301527784515,-0.47454519624983954,-0.4736736092984604,-0.5431925437033205,-0.4978947274915307,-0.5609748304808925,-0.7165619336211217,-0.3075623426146228,0.6158384251930635,0
-0.3693648410115938,1.3555735383351193,0.06675029679361683,2.2474704895351842,-0.4736736092984604,-0.5431925437033205,-0.4978947274915307,1.299429290952638,0.1329851701219792,-0.3075623426146228,0.6158384251930635,1
0.8273772438659699,1.3555735383351193,-0.5724937540977952,-0.47454519624983954,-0.4736736092984604,-0.5431925437033205,2.008456697338717,-0.5609748304808925,-0.8204626642072291,3.2513733362117265,-1.6238025415294657,1
-0.3693648410115938,-0.7376951317802901,-0.3092756154954491,0.4327933656785018,-0.4736736092984604,-0.5431925437033205,-0.4978947274915307,0.059159876663617626,0.3444394801955362,-0.3075623426146228,0.6158384251930635,0
0.8273772438659699,1.3555735383351193,-0.3092756154954491,0.4327933656785018,-0.4736736092984604,-0.5431925437033205,-0.4978947274915307,0.059159876663617626,-0.798539974052802,-0.3075623426146228,0.6158384251930635,0
-1.5661069258891576,1.3555735383351193,-0.008454885664196365,-0.47454519624983954,-0.4736736092984604,1.8409678328467216,-0.4978947274915307,-0.5609748304808925,2.4738467350641637,-0.3075623426146228,0.6158384251930635,1
0.8273772438659699,-0.7376951317802901,-1.3621481699048337,-0.47454519624983954,-0.4736736092984604,-0.5431925437033205,-0.4978947274915307,-0.5609748304808925,0.023546289947323752,-0.3075623426146228,-1.6238025415294657,0
-0.3693648410115938,-0.7376951317802901,0.06675029679361683,-0.47454519624983954,-0.4736736092984604,-0.5431925437033205,2.008456697338717,-0.5609748304808925,-3.0585777291682934,-0.3075623426146228,0.6158384251930635,0
-0.3693648410115938,-0.7376951317802901,-0.45968598041107545,-0.47454519624983954,-0.4736736092984604,-0.5431925437033205,-0.4978947274915307,-0.5609748304808925,-0.3336984726090336,-0.3075623426146228,0.6158384251930635,0
-0.3693648410115938,-0.7376951317802901,-0.45968598041107545,-0.47454519624983954,-0.4736736092984604,-0.5431925437033205,-0.4978947274915307,-0.5609748304808925,-0.3336984726090336,-0.3075623426146228,0.6158384251930635,0
0.8273772438659699,-0.7376951317802901,-0.04605747689310296,-0.47454519624983954,-0.4736736092984604,-0.5431925437033205,-0.4978947274915307,-0.5609748304808925,-0.12717266791993012,-0.3075623426146228,0.6158384251930635,0
0.8273772438659699,1.3555735383351193,1.4204435810342542,0.4327933656785018,3.250236854392083,-0.5431925437033205,-0.4978947274915307,1.9195639980971482,0.6233938271906204,-0.3075623426146228,0.6158384251930635,0
-1.5661069258891576,-0.7376951317802901,0.4427762090826827,-0.47454519624983954,-0.4736736092984604,1.8409678328467216,-0.4978947274915307,-0.5609748304808925,3.3852937438182273,-0.3075623426146228,-1.6238025415294657,1
0.8273772438659699,-0.7376951317802901,-0.3092756154954491,-0.47454519624983954,-0.4736736092984604,-0.5431925437033205,2.008456697338717,-0.5609748304808925,-0.8019236166026618,-0.3075623426146228,0.6158384251930635,0
0.8273772438659699,-0.7376951317802901,-0.3092756154954491,-0.47454519624983954,-0.4736736092984604,-0.5431925437033205,2.008456697338717,-0.5609748304808925,-0.8019236166026618,-0.3075623426146228,0.6158384251930635,0
-1.5661069258891576,-0.7376951317802901,0.8188021213717487,-0.47454519624983954,-0.4736736092984604,1.8409678328467216,2.008456697338717,-0.5609748304808925,0.4870824563024251,-0.3075623426146228,0.6158384251930635,1
-1.5661069258891576,-0.7376951317802901,0.5179813915404959,0.4327933656785018,-0.4736736092984604,1.8409678328467216,-0.4978947274915307,0.059159876663617626,1.464014258564117,-0.3075623426146228,0.6158384251930635,0
-1.5661069258891576,1.3555735383351193,-0.6100963453267019,1.340131927606843,2.0089333664952354,1.8409678328467216,-0.4978947274915307,1.9195639980971482,2.6962534687059603,-0.3075623426146228,-1.6238025415294657,1
0.8273772438659699,-0.7376951317802901,-0.3844807979532623,0.4327933656785018,-0.4736736092984604,-0.5431925437033205,-0.4978947274915307,0.059159876663617626,-0.12717266791993012,-0.3075623426146228,0.6158384251930635,0
0.8273772438659699,-0.7376951317802901,0.14195547925143,-0.47454519624983954,-0.4736736092984604,-0.5431925437033205,-0.4978947274915307,-0.5609748304808925,-0.798539974052802,-0.3075623426146228,0.6158384251930635,1
-1.5661069258891576,-0.7376951317802901,3.0749575951061443,0.4327933656785018,0.7676298785983874,1.8409678328467216,-0.4978947274915307,0.6792945838081278,1.3571652197109427,-0.3075623426146228,0.6158384251930635,0
0.8273772438659699,-0.7376951317802901,-0.9861222576157678,0.4327933656785018,0.7676298785983874,-0.5431925437033205,-0.4978947274915307,0.6792945838081278,0.0971716406458445,-0.3075623426146228,0.6158384251930635,0
-0.3693648410115938,1.3555735383351193,0.06675029679361683,-0.47454519624983954,-0.4736736092984604,-0.5431925437033205,-0.4978947274915307,-0.5609748304808925,-0.3336984726090336,-0.3075623426146228,0.6158384251930635,1
-1.5661069258891576,-0.7376951317802901,-0.7605067102423282,0.4327933656785018,-0.4736736092984604,1.8409678328467216,-0.4978947274915307,0.059159876663617626,1.0620380556287106,-0.3075623426146228,0.6158384251930635,0
0.8273772438659699,-0.7376951317802901,0.14195547925143,-0.47454519624983954,-0.4736736092984604,-0.5431925437033205,-0.4978947274915307,-0.5609748304808925,-0.8189865811572414,3.2513733362117265,-1.6238025415294657,0
-0.3693648410115938,1.3555735383351193,-1.8885844471095259,0.4327933656785018,0.7676298785983874,-0.5431925437033205,-0.4978947274915307,0.6792945838081278,0.2228261499229997,-0.3075623426146228,0.6158384251930635,1
0.8273772438659699,-0.7376951317802901,-1.7381740821938996,-0.47454519624983954,0.7676298785983874,1.8409678328467216,-0.4978947274915307,0.059159876663617626,-0.37316263612134226,-0.3075623426146228,0.6158384251930635,1
0.8273772438659699,-0.7376951317802901,0.29236584416705635,-0.47454519624983954,-0.4736736092984604,-0.5431925437033205,-0.4978947274915307,-0.5609748304808925,-0.6307359423566569,-0.3075623426146228,0.6158384251930635,0
0.8273772438659699,-0.7376951317802901,-0.45968598041107545,-0.47454519624983954,-0.4736736092984604,-0.5431925437033205,-0.4978947274915307,-0.5609748304808925,-0.8019236166026618,-0.3075623426146228,0.6158384251930635,0
-0.3693648410115938,1.3555735383351193,1.4204435810342542,0.4327933656785018,2.0089333664952354,-0.5431925437033205,-0.4978947274915307,1.299429290952638,1.2673242399099218,-0.3075623426146228,0.6158384251930635,1
-0.3693648410115938,-0.7376951317802901,-2.139017704694044,0.4327933656785018,0.7676298785983874,-0.5431925437033205,-0.4978947274915307,0.6792945838081278,-0.2286058134653583,-0.3075623426146228,0.6158384251930635,1
0.8273772438659699,-0.7376951317802901,-0.08366006812200955,-0.47454519624983954,-0.4736736092984604,-0.5431925437033205,-0.4978947274915307,-0.5609748304808925,-0.8135961720983267,-0.3075623426146228,0.6158384251930635,0
-0.3693648410115938,-0.7376951317802901,-0.8357118927001413,-0.47454519624983954,-0.4736736092984604,-0.5431925437033205,-0.4978947274915307,-0.5609748304808925,-0.4507125974257932,-0.3075623426146228,0.6158384251930635,0
0.8273772438659699,-0.7376951317802901,0.36757102662486957,-0.47454519624983954,-0.4736736092984604,-0.5431925437033205,-0.4978947274915307,-0.5609748304808925,-0.7841792430073967,-0.3075623426146228,0.6158384251930635,0
-1.5661069258891576,1.3555735383351193,0.29236584416705635,-0.47454519624983954,-0.4736736092984604,1.8409678328467216,-0.4978947274915307,-0.5609748304808925,1.5584783893656837,-0.3075623426146228,0.6158384251930635,1
0.8273772438659699,-0.7376951317802901,-0.3092756154954491,-0.47454519624983954,-0.4736736092984604,-0.5431925437033205,2.008456697338717,-0.5609748304808925,-0.2286058134653583,-0.3075623426146228,0.6158384251930635,0
0.8273772438659699,-0.7376951317802901,0.8940073038295618,-0.47454519624983954,-0.4736736092984604,-0.5431925437033205,-0.4978947274915307,-0.5609748304808925,-0.8955045384601199,-0.3075623426146228,0.6158384251930635,0
0.8273772438659699,-0.7376951317802901,-0.685301527784515,-0.47454519624983954,-0.4736736092984604,-0.5431925437033205,-0.4978947274915307,-0.5609748304808925,-0.8823470582632056,-0.3075623426146228,-1.6238025415294657,1
-1.5661069258891576,1.3555735383351193,0.5179813915404959,0.4327933656785018,2.0089333664952354,1.8409678328467216,-0.4978947274915307,1.299429290952638,1.8931715298766851,-0.3075623426146228,0.6158384251930635,1
0.8273772438659699,-0.7376951317802901,-0.9861222576157678,-0.47454519624983954,-0.4736736092984604,-0.5431925437033205,-0.4978947274915307,-0.5609748304808925,-0.8160407306065733,-0.3075623426146228,0.6158384251930635,0
-1.5661069258891576,1.3555735383351193,1.6460591284076938,0.4327933656785018,-0.4736736092984604,1.8409678328467216,-0.4978947274915307,0.059159876663617626,1.452419049919151,-0.3075623426146228,0.6158384251930635,1
-1.5661069258891576,-0.7376951317802901,0.8188021213717487,-0.47454519624983954,-0.4736736092984604,-0.5431925437033205,2.008456697338717,-0.5609748304808925,0.7656365698356679,-0.3075623426146228,-1.6238025415294657,0
0.8273772438659699,1.3555735383351193,0.1043528880225234,-0.47454519624983954,-0.4736736092984604,-0.5431925437033205,-0.4978947274915307,-0.5609748304808925,-0.8189865811572414,3.2513733362117265,-1.6238025415294657,0
0.8273772438659699,-0.7376951317802901,-0.3092756154954491,0.4327933656785018,-0.4736736092984604,-0.5431925437033205,2.008456697338717,0.059159876663617626,0.2711522804976662,3.2513733362117265,-1.6238025415294657,0
0.8273772438659699,-0.7376951317802901,0.2171606617092432,-0.47454519624983954,-0.4736736092984604,-0.5431925437033205,-0.4978947274915307,-0.5609748304808925,-0.7491276790090223,-0.3075623426146228,0.6158384251930635,0
0.8273772438659699,-0.7376951317802901,-0.3844807979532623,-0.47454519624983954,-0.4736736092984604,-0.5431925437033205,-0.4978947274915307,-0.5609748304808925,-0.6307359423566569,-0.3075623426146228,0.6158384251930635,0
0.8273772438659699,-0.7376951317802901,1.4204435810342542,-0.47454519624983954,-0.4736736092984604,-0.5431925437033205,-0.4978947274915307,-0.5609748304808925,-0.806763380796033,-0.3075623426146228,0.6158384251930635,0
-0.3693648410115938,1.3555735383351193,2.0972902231545727,-0.47454519624983954,-0.4736736092984604,1.8409678328467216,-0.4978947274915307,-0.5609748304808925,-0.5368057694182641,-0.3075623426146228,0.6158384251930635,0
0.8273772438659699,-0.7376951317802901,-0.3092756154954491,-0.47454519624983954,-0.4736736092984604,-0.5431925437033205,2.008456697338717,-0.5609748304808925,-0.8828741679067217,-0.3075623426146228,-1.6238025415294657,0
-0.3693648410115938,1.3555735383351193,1.8716746757811333,0.4327933656785018,3.250236854392083,-0.5431925437033205,-0.4978947274915307,1.9195639980971482,0.2228261499229997,-0.3075623426146228,0.6158384251930635,1
0.8273772438659699,-0.7376951317802901,-0.8357118927001413,-0.47454519624983954,-0.4736736092984604,-0.5431925437033205,-0.4978947274915307,-0.5609748304808925,-0.8189865811572414,-0.3075623426146228,0.6158384251930635,0
0.8273772438659699,-0.7376951317802901,-0.3092756154954491,-0.47454519624983954,-0.4736736092984604,1.8409678328467216,2.008456697338717,-0.5609748304808925,-0.8189865811572414,3.2513733362117265,-1.6238025415294657,0
0.8273772438659699,1.3555735383351193,-1.8133792646517128,-0.47454519624983954,-0.4736736092984604,-0.5431925437033205,-0.4978947274915307,-0.5609748304808925,-0.37316263612134226,-0.3075623426146228,0.6158384251930635,1
0.8273772438659699,-0.7376951317802901,-0.3092756154954491,-0.47454519624983954,-0.4736736092984604,-0.5431925437033205,2.008456697338717,-0.5609748304808925,-0.8204626642072291,3.2513733362117265,-1.6238025415294657,0
-1.5661069258891576,1.3555735383351193,1.0444176687451883,-0.47454519624983954,0.7676298785983874,1.8409678328467216,-0.4978947274915307,0.059159876663617626,2.4738467350641637,-0.3075623426146228,0.6158384251930635,1
0.8273772438659699,1.3555735383351193,-1.2117378049892074,-0.47454519624983954,-0.4736736092984604,-0.5431925437033205,-0.4978947274915307,-0.5609748304808925,-0.8823470582632056,-0.3075623426146228,-1.6238025415294657,1
-1.5661069258891576,1.3555735383351193,-0.9109170751579546,0.4327933656785018,-0.4736736092984604,1.8409678328467216,-0.4978947274915307,0.059159876663617626,1.1339105535671157,-0.3075623426146228,0.6158384251930635,1
-1.5661069258891576,-0.7376951317802901,-0.008454885664196365,-0.47454519624983954,-0.4736736092984604,1.8409678328467216,-0.4978947274915307,-0.5609748304808925,0.4870824563024251,-0.3075623426146228,0.6158384251930635,0
0.8273772438659699,-0.7376951317802901,-0.3092756154954491,0.4327933656785018,2.0089333664952354,-0.5431925437033205,2.008456697338717,1.299429290952638,0.24200663802437702,-0.3075623426146228,0.6158384251930635,0
0.8273772438659699,-0.7376951317802901,-0.3092756154954491,-0.47454519624983954,-0.4736736092984604,-0.5431925437033205,-0.4978947274915307,-0.5609748304808925,-0.9050797531497122,-0.3075623426146228,0.6158384251930635,0
0.8273772438659699,-0.7376951317802901,-0.3092756154954491,-0.47454519624983954,-0.4736736092984604,-0.5431925437033205,-0.4978947274915307,-0.5609748304808925,-0.8797405693934278,-0.3075623426146228,0.6158384251930635,0
0.8273772438659699,1.3555735383351193,-0.8357118927001413,-0.47454519624983954,-0.4736736092984604,-0.5431925437033205,-0.4978947274915307,-0.5609748304808925,-0.8494271027413144,-0.3075623426146228,0.6158384251930635,1
0.8273772438659699,-0.7376951317802901,-1.5877637172782733,3.1548090514635256,0.7676298785983874,-0.5431925437033205,-0.4978947274915307,2.5396987052416584,0.457519539438721,3.2513733362117265,-1.6238025415294657,0
0.8273772438659699,-0.7376951317802901,-2.1141999944829655,0.4327933656785018,2.0089333664952354,-0.5431925437033205,-0.4978947274915307,1.299429290952638,0.11284358066326507,-0.3075623426146228,0.6158384251930635,1
-1.5661069258891576,-0.7376951317802901,1.2700332161186279,-0.47454519624983954,-0.4736736092984604,1.8409678328467216,-0.4978947274915307,-0.5609748304808925,1.4685301291949246,-0.3075623426146228,-1.6238025415294657,0
0.8273772438659699,-0.7376951317802901,-0.3092756154954491,-0.47454519624983954,-0.4736736092984604,-0.5431925437033205,2.008456697338717,-0.5609748304808925,-0.8189865811572414,3.2513733362117265,-1.6238025415294657,0
-0.3693648410115938,-0.7376951317802901,-0.9861222576157678,-0.47454519624983954,-0.4736736092984604,-0.5431925437033205,-0.4978947274915307,-0.5609748304808925,0.3444394801955362,-0.3075623426146228,0.6158384251930635,0
0.8273772438659699,1.3555735383351193,-0.5724937540977952,6.784163299176891,2.0089333664952354,-0.5431925437033205,2.008456697338717,5.64037224096421,1.3361591794576348,-0.3075623426146228,0.6158384251930635,0
-1.5661069258891576,-0.7376951317802901,0.8188021213717487,-0.47454519624983954,-0.4736736092984604,-0.5431925437033205,2.008456697338717,-0.5609748304808925,0.5100012756239033,-0.3075623426146228,-1.6238025415294657,0
0.8273772438659699,-0.7376951317802901,-0.3092756154954491,-0.47454519624983954,-0.4736736092984604,-0.5431925437033205,-0.4978947274915307,-0.5609748304808925,-0.8019236166026618,-0.3075623426146228,0.6158384251930635,0
-0.3693648410115938,-0.7376951317802901,0.7435969389139355,-0.47454519624983954,-0.4736736092984604,-0.5431925437033205,-0.4978947274915307,-0.5609748304808925,-0.3336984726090336,-0.3075623426146228,0.6158384251930635,0
-1.5661069258891576,1.3555735383351193,1.4956487634920672,-0.47454519624983954,-0.4736736092984604,1.8409678328467216,-0.4978947274915307,-0.5609748304808925,0.3417284274758476,-0.3075623426146228,0.6158384251930635,1
0.8273772438659699,1.3555735383351193,0.14195547925143,-0.47454519624983954,-0.4736736092984604,-0.5431925437033205,-0.4978947274915307,-0.5609748304808925,-0.7143416664249429,-0.3075623426146228,0.6158384251930635,1
0.8273772438659699,-0.7376951317802901,0.06675029679361683,-0.47454519624983954,-0.4736736092984604,-0.5431925437033205,-0.4978947274915307,-0.5609748304808925,-0.8823470582632056,-0.3075623426146228,-1.6238025415294657,0
0.8273772438659699,1.3555735383351193,0.06675029679361683,0.4327933656785018,0.7676298785983874,-0.5431925437033205,-0.4978947274915307,0.6792945838081278,0.2711522804976662,-0.3075623426146228,0.6158384251930635,0
-0.3693648410115938,-0.7376951317802901,0.36757102662486957,-0.47454519624983954,-0.4736736092984604,-0.5431925437033205,-0.4978947274915307,-0.5609748304808925,-0.3336984726090336,-0.3075623426146228,0.6158384251930635,0
-0.3693648410115938,1.3555735383351193,0.14195547925143,0.4327933656785018,0.7676298785983874,-0.5431925437033205,-0.4978947274915307,0.6792945838081278,0.35395586016517094,-0.3075623426146228,0.6158384251930635,1
-1.5661069258891576,-0.7376951317802901,-1.3621481699048337,0.4327933656785018,2.0089333664952354,1.8409678328467216,-0.4978947274915307,1.299429290952638,1.8931715298766851,-0.3075623426146228,0.6158384251930635,1
0.8273772438659699,-0.7376951317802901,-2.157819000308497,-0.47454519624983954,0.7676298785983874,-0.5431925437033205,-0.4978947274915307,0.059159876663617626,-0.7322606388880221,-0.3075623426146228,-1.6238025415294657,1
0.8273772438659699,-0.7376951317802901,-0.15886525057982273,-0.47454519624983954,-0.4736736092984604,-0.5431925437033205,-0.4978947274915307,-0.5609748304808925,-0.9147445967366699,-0.3075623426146228,0.6158384251930635,1
0.8273772438659699,-0.7376951317802901,0.14195547925143,-0.47454519624983954,-0.4736736092984604,-0.5431925437033205,-0.4978947274915307,-0.5609748304808925,-0.8160407306065733,-0.3075623426146228,0.6158384251930635,0
-1.5661069258891576,-0.7376951317802901,0.7435969389139355,-0.47454519624983954,-0.4736736092984604,1.8409678328467216,-0.4978947274915307,-0.5609748304808925,-3.0585777291682934,-0.3075623426146228,0.6158384251930635,0
0.8273772438659699,1.3555735383351193,-0.8357118927001413,-0.47454519624983954,-0.4736736092984604,-0.5431925437033205,-0.4978947274915307,-0.5609748304808925,-0.8160407306065733,-0.3075623426146228,0.6158384251930635,0
-0.3693648410115938,-0.7376951317802901,0.7435969389139355,-0.47454519624983954,-0.4736736092984604,-0.5431925437033205,-0.4978947274915307,-0.5609748304808925,-0.3336984726090336,-0.3075623426146228,0.6158384251930635,0
-1.5661069258891576,1.3555735383351193,0.29236584416705635,0.4327933656785018,-0.4736736092984604,1.8409678328467216,-0.4978947274915307,0.059159876663617626,1.0620380556287106,-0.3075623426146228,0.6158384251930635,1
0.8273772438659699,-0.7376951317802901,-0.23407043303763592,-0.47454519624983954,-0.4736736092984604,-0.5431925437033205,-0.4978947274915307,-0.5609748304808925,-0.8028874327603485,-0.3075623426146228,0.6158384251930635,0
0.8273772438659699,-0.7376951317802901,0.7435969389139355,-0.47454519624983954,-0.4736736092984604,-0.5431925437033205,-0.4978947274915307,-0.5609748304808925,0.2711522804976662,-0.3075623426146228,0.6158384251930635,0
-0.3693648410115938,-0.7376951317802901,0.4427762090826827,-0.47454519624983954,-0.4736736092984604,-0.5431925437033205,-0.4978947274915307,-0.5609748304808925,-0.5368057694182641,-0.3075623426146228,0.6158384251930635,0
0.8273772438659699,1.3555735383351193,-1.7381740821938996,3.1548090514635256,2.0089333664952354,-0.5431925437033205,-0.4978947274915307,3.1598334123861687,0.5286989276421437,-0.3075623426146228,0.6158384251930635,0
0.8273772438659699,-0.7376951317802901,0.1043528880225234,-0.47454519624983954,-0.4736736092984604,-0.5431925437033205,-0.4978947274915307,-0.5609748304808925,-0.7841792430073967,-0.3075623426146228,0.6158384251930635,0
-1.5661069258891576,-0.7376951317802901,0.8188021213717487,-0.47454519624983954,-0.4736736092984604,1.8409678328467216,2.008456697338717,-0.5609748304808925,-3.0585777291682934,-0.3075623426146228,0.6158384251930635,0
0.8273772438659699,1.3555735383351193,-0.45968598041107545,-0.47454519624983954,-0.4736736092984604,-0.5431925437033205,-0.4978947274915307,-0.5609748304808925,-0.798539974052802,-0.3075623426146228,0.6158384251930635,0
-0.3693648410115938,-0.7376951317802901,0.14195547925143,0.4327933656785018,0.7676298785983874,-0.5431925437033205,-0.4978947274915307,0.6792945838081278,0.6974165471111633,-0.3075623426146228,-1.6238025415294657,0
0.8273772438659699,-0.7376951317802901,1.0444176687451883,-0.47454519624983954,-0.4736736092984604,-0.5431925437033205,-0.4978947274915307,-0.5609748304808925,-0.9850567418873891,-0.3075623426146228,0.6158384251930635,0
0.8273772438659699,-0.7376951317802901,-1.437353352362647,2.2474704895351842,2.0089333664952354,-0.5431925437033205,-0.4978947274915307,2.5396987052416584,0.4146557174979072,-0.3075623426146228,0.6158384251930635,0
-1.5661069258891576,1.3555735383351193,1.7212643108655068,0.4327933656785018,0.7676298785983874,1.8409678328467216,-0.4978947274915307,0.6792945838081278,1.6379421972192298,-0.3075623426146228,0.6158384251930635,1
0.8273772438659699,-0.7376951317802901,-0.15886525057982273,-0.47454519624983954,-0.4736736092984604,-0.5431925437033205,-0.4978947274915307,-0.5609748304808925,-0.7165619336211217,-0.3075623426146228,0.6158384251930635,1
-1.5661069258891576,-0.7376951317802901,0.6683917564561223,-0.47454519624983954,-0.4736736092984604,-0.5431925437033205,-0.4978947274915307,-0.5609748304808925,-3.0585777291682934,-0.3075623426146228,0.6158384251930635,0
0.8273772438659699,1.3555735383351193,-0.15886525057982273,-0.47454519624983954,0.7676298785983874,1.8409678328467216,-0.4978947274915307,0.059159876663617626,-0.37316263612134226,-0.3075623426146228,0.6158384251930635,1
0.8273772438659699,-0.7376951317802901,-2.038994812025152,3.1548090514635256,0.7676298785983874,-0.5431925437033205,-0.4978947274915307,2.5396987052416584,0.7678594338107121,-0.3075623426146228,0.6158384251930635,0
0.8273772438659699,-0.7376951317802901,-0.3092756154954491,-0.47454519624983954,-0.4736736092984604,-0.5431925437033205,2.008456697338717,-0.5609748304808925,-0.9179864201772276,3.2513733362117265,-1.6238025415294657,0
0.8273772438659699,-0.7376951317802901,-0.3092756154954491,-0.47454519624983954,-0.4736736092984604,-0.5431925437033205,2.008456697338717,-0.5609748304808925,1.1248955097361604,-0.3075623426146228,0.6158384251930635,0
-0.3693648410115938,-0.7376951317802901,-2.1141999944829655,-0.47454519624983954,2.0089333664952354,-0.5431925437033205,-0.4978947274915307,0.6792945838081278,0.6974165471111633,-0.3075623426146228,-1.6238025415294657,1
0.8273772438659699,-0.7376951317802901,-0.3092756154954491,-0.47454519624983954,-0.4736736092984604,-0.5431925437033205,2.008456697338717,-0.5609748304808925,-0.8189865811572414,3.2513733362117265,-1.6238025415294657,1
-1.5661069258891576,1.3555735383351193,2.4733161354436386,-0.47454519624983954,-0.4736736092984604,1.8409678328467216,-0.4978947274915307,-0.5609748304808925,1.4787785499834798,-0.3075623426146228,0.6158384251930635,1
0.8273772438659699,1.3555735383351193,-1.061327440073581,0.4327933656785018,-0.4736736092984604,-0.5431925437033205,-0.4978947274915307,0.059159876663617626,-0.23166125968823223,-0.3075623426146228,-1.6238025415294657,1
-0.3693648410115938,-0.7376951317802901,-2.126984875500794,0.4327933656785018,0.7676298785983874,-0.5431925437033205,-0.4978947274915307,0.6792945838081278,0.021587667954472933,-0.3075623426146228,0.6158384251930635,1
0.8273772438659699,-0.7376951317802901,-0.3092756154954491,-0.47454519624983954,-0.4736736092984604,-0.5431925437033205,2.008456697338717,-0.5609748304808925,-0.8823470582632056,-0.3075623426146228,-1.6238025415294657,0
0.8273772438659699,-0.7376951317802901,-0.45968598041107545,-0.47454519624983954,-0.4736736092984604,-0.5431925437033205,-0.4978947274915307,-0.5609748304808925,-0.806763380796033,-0.3075623426146228,0.6158384251930635,0
0.8273772438659699,-0.7376951317802901,-0.8357118927001413,-0.47454519624983954,-0.4736736092984604,-0.5431925437033205,-0.4978947274915307,-0.5609748304808925,-0.7560434444325566,-0.3075623426146228,0.6158384251930635,0
-1.5661069258891576,1.3555735383351193,0.7435969389139355,0.4327933656785018,0.7676298785983874,1.8409678328467216,-0.4978947274915307,0.6792945838081278,1.5182728441543658,-0.3075623426146228,-1.6238025415294657,1
0.8273772438659699,-0.7376951317802901,-0.6100963453267019,-0.47454519624983954,-0.4736736092984604,-0.5431925437033205,-0.4978947274915307,-0.5609748304808925,-0.7165619336211217,-0.3075623426146228,0.6158384251930635,0
0.8273772438659699,-0.7376951317802901,-0.3092756154954491,-0.47454519624983954,-0.4736736092984604,-0.5431925437033205,2.008456697338717,-0.5609748304808925,-0.7841792430073967,-0.3075623426146228,0.6158384251930635,0
0.8273772438659699,-0.7376951317802901,0.2171606617092432,-0.47454519624983954,-0.4736736092984604,-0.5431925437033205,-0.4978947274915307,-0.5609748304808925,1.1248955097361604,-0.3075623426146228,0.6158384251930635,1
-1.5661069258891576,-0.7376951317802901,0.8188021213717487,-0.47454519624983954,-0.4736736092984604,1.8409678328467216,2.008456697338717,-0.5609748304808925,0.4770416648490861,-0.3075623426146228,-1.6238025415294657,1
0.8273772438659699,-0.7376951317802901,-0.685301527784515,-0.47454519624983954,-0.4736736092984604,-0.5431925437033205,-0.4978947274915307,-0.5609748304808925,-0.798539974052802,-0.3075623426146228,0.6158384251930635,0
-0.3693648410115938,-0.7376951317802901,-0.9861222576157678,-0.47454519624983954,-0.4736736092984604,-0.5431925437033205,-0.4978947274915307,-0.5609748304808925,-0.5368057694182641,-0.3075623426146228,0.6158384251930635,0
-1.5661069258891576,1.3555735383351193,0.06675029679361683,-0.47454519624983954,-0.4736736092984604,-0.5431925437033205,-0.4978947274915307,-0.5609748304808925,0.5198636196706229,-0.3075623426146228,-1.6238025415294657,1
0.8273772438659699,-0.7376951317802901,0.40517361785377615,-0.47454519624983954,-0.4736736092984604,-0.5431925437033205,-0.4978947274915307,-0.5609748304808925,-0.9867906128533871,-0.3075623426146228,-1.6238025415294657,0
0.8273772438659699,-0.7376951317802901,-0.9109170751579546,-0.47454519624983954,-0.4736736092984604,-0.5431925437033205,-0.4978947274915307,-0.5609748304808925,-0.7165619336211217,-0.3075623426146228,0.6158384251930635,0
0.8273772438659699,-0.7376951317802901,0.969212486287375,-0.47454519624983954,-0.4736736092984604,-0.5431925437033205,-0.4978947274915307,-0.5609748304808925,-0.8428609376877135,-0.3075623426146228,0.6158384251930635,0
0.8273772438659699,-0.7376951317802901,-0.3092756154954491,6.784163299176891,2.0089333664952354,-0.5431925437033205,2.008456697338717,5.64037224096421,1.3361591794576348,-0.3075623426146228,0.6158384251930635,0
0.8273772438659699,-0.7376951317802901,0.4427762090826827,-0.47454519624983954,-0.4736736092984604,-0.5431925437033205,-0.4978947274915307,-0.5609748304808925,-0.8019236166026618,-0.3075623426146228,-1.6238025415294657,0
-0.3693648410115938,-0.7376951317802901,-0.08366006812200955,-0.47454519624983954,0.7676298785983874,-0.5431925437033205,-0.4978947274915307,0.059159876663617626,0.5824597491940529,-0.3075623426146228,0.6158384251930635,0
-1.5661069258891576,1.3555735383351193,0.4427762090826827,0.4327933656785018,-0.4736736092984604,1.8409678328467216,2.008456697338717,0.059159876663617626,1.588760118059578,-0.3075623426146228,-1.6238025415294657,1
0.8273772438659699,-0.7376951317802901,-1.8885844471095259,3.1548090514635256,2.0089333664952354,-0.5431925437033205,-0.4978947274915307,3.1598334123861687,0.5286989276421437,-0.3075623426146228,0.6158384251930635,0
0.8273772438659699,-0.7376951317802901,3.375778324937397,-0.47454519624983954,-0.4736736092984604,-0.5431925437033205,-0.4978947274915307,-0.5609748304808925,-0.8160407306065733,-0.3075623426146228,0.6158384251930635,0
0.8273772438659699,1.3555735383351193,-1.51255853482046,0.4327933656785018,0.7676298785983874,-0.5431925437033205,-0.4978947274915307,0.6792945838081278,-0.1800831698720664,-0.3075623426146228,-1.6238025415294657,0
-1.5661069258891576,1.3555735383351193,-0.9861222576157678,-0.47454519624983954,0.7676298785983874,1.8409678328467216,-0.4978947274915307,0.059159876663617626,0.7605376956829671,-0.3075623426146228,0.6158384251930635,1
-0.3693648410115938,1.3555735383351193,1.1196228512030013,0.4327933656785018,-0.4736736092984604,-0.5431925437033205,-0.4978947274915307,0.059159876663617626,0.3444394801955362,-0.3075623426146228,0.6158384251930635,0
0.8273772438659699,1.3555735383351193,-0.8357118927001413,-0.47454519624983954,0.7676298785983874,-0.5431925437033205,-0.4978947274915307,0.059159876663617626,-0.6455926003653025,-0.3075623426146228,0.6158384251930635,1
-1.5661069258891576,1.3555735383351193,1.1948280336608146,0.4327933656785018,0.7676298785983874,-0.5431925437033205,-0.4978947274915307,0.6792945838081278,2.218822021910339,-0.3075623426146228,0.6158384251930635,1
-1.5661069258891576,-0.7376951317802901,1.6460591284076938,-0.47454519624983954,-0.4736736092984604,1.8409678328467216,-0.4978947274915307,-0.5609748304808925,0.36526093570402607,-0.3075623426146228,0.6158384251930635,1
0.8273772438659699,1.3555735383351193,-0.3844807979532623,-0.47454519624983954,3.250236854392083,-0.5431925437033205,-0.4978947274915307,1.299429290952638,0.047825129435189045,-0.3075623426146228,-1.6238025415294657,1
0.8273772438659699,-0.7376951317802901,-0.3092756154954491,-0.47454519624983954,-0.4736736092984604,-0.5431925437033205,2.008456697338717,-0.5609748304808925,-0.8823470582632056,-0.3075623426146228,-1.6238025415294657,0
0.8273772438659699,-0.7376951317802901,0.8940073038295618,1.340131927606843,-0.4736736092984604,-0.5431925437033205,-0.4978947274915307,0.6792945838081278,-0.2550339477875714,-0.3075623426146228,0.6158384251930635,0
-0.3693648410115938,-0.7376951317802901,-0.6100963453267019,0.4327933656785018,-0.4736736092984604,-0.5431925437033205,-0.4978947274915307,0.059159876663617626,-0.4507125974257932,-0.3075623426146228,0.6158384251930635,0
-1.5661069258891576,1.3555735383351193,1.4204435810342542,-0.47454519624983954,-0.4736736092984604,1.8409678328467216,-0.4978947274915307,-0.5609748304808925,0.3417284274758476,-0.3075623426146228,0.6158384251930635,1
0.8273772438659699,1.3555735383351193,-0.5724937540977952,6.784163299176891,2.0089333664952354,-0.5431925437033205,2.008456697338717,5.64037224096421,1.3361591794576348,-0.3075623426146228,0.6158384251930635,0
-0.3693648410115938,-0.7376951317802901,-0.3844807979532623,-0.47454519624983954,-0.4736736092984604,-0.5431925437033205,-0.4978947274915307,-0.5609748304808925,-0.3336984726090336,-0.3075623426146228,0.6158384251930635,0
-0.3693648410115938,1.3555735383351193,0.969212486287375,-0.47454519624983954,-0.4736736092984604,-0.5431925437033205,-0.4978947274915307,-0.5609748304808925,-0.3336984726090336,-0.3075623426146228,0.6158384251930635,1
-0.3693648410115938,1.3555735383351193,-0.15886525057982273,0.4327933656785018,-0.4736736092984604,-0.5431925437033205,-0.4978947274915307,0.059159876663617626,-0.272262193114855,-0.3075623426146228,-1.6238025415294657,1
-1.5661069258891576,-0.7376951317802901,0.14195547925143,-0.47454519624983954,-0.4736736092984604,1.8409678328467216,-0.4978947274915307,-0.5609748304808925,1.0110997852233976,-0.3075623426146228,0.6158384251930635,0
0.8273772438659699,-0.7376951317802901,-0.3092756154954491,-0.47454519624983954,-0.4736736092984604,-0.5431925437033205,2.008456697338717,-0.5609748304808925,-0.6307359423566569,-0.3075623426146228,0.6158384251930635,0
0.8273772438659699,-0.7376951317802901,-1.8885844471095259,0.4327933656785018,0.7676298785983874,-0.5431925437033205,-0.4978947274915307,0.6792945838081278,-0.48145578049281335,-0.3075623426146228,0.6158384251930635,1
0.8273772438659699,-0.7376951317802901,-0.23407043303763592,-0.47454519624983954,-0.4736736092984604,-0.5431925437033205,-0.4978947274915307,-0.5609748304808925,-0.8019236166026618,-0.3075623426146228,0.6158384251930635,0
-1.5661069258891576,1.3555735383351193,1.345238398576441,0.4327933656785018,0.7676298785983874,1.8409678328467216,-0.4978947274915307,0.6792945838081278,1.0515683442816504,-0.3075623426146228,0.6158384251930635,1
-1.5661069258891576,-0.7376951317802901,0.29236584416705635,-0.47454519624983954,-0.4736736092984604,1.8409678328467216,-0.4978947274915307,-0.5609748304808925,-1.208550389612567,-0.3075623426146228,0.6158384251930635,0
0.8273772438659699,-0.7376951317802901,1.345238398576441,-0.47454519624983954,-0.4736736092984604,-0.5431925437033205,-0.4978947274915307,-0.5609748304808925,-0.6811127586453682,-0.3075623426146228,0.6158384251930635,0
-0.3693648410115938,1.3555735383351193,-0.08366006812200955,0.4327933656785018,-0.4736736092984604,-0.5431925437033205,-0.4978947274915307,0.059159876663617626,0.26497567234198965,-0.3075623426146228,-1.6238025415294657,1
0.8273772438659699,1.3555735383351193,-1.061327440073581,-0.47454519624983954,-0.4736736092984604,-0.5431925437033205,-0.4978947274915307,-0.5609748304808925,-0.8828741679067217,-0.3075623426146228,-1.6238025415294657,1
0.8273772438659699,-0.7376951317802901,-0.685301527784515,-0.47454519624983954,-0.4736736092984604,-0.5431925437033205,-0.4978947274915307,-0.5609748304808925,-0.5972795597045879,-0.3075623426146228,0.6158384251930635,0
0.8273772438659699,-0.7376951317802901,-0.7605067102423282,-0.47454519624983954,-0.4736736092984604,-0.5431925437033205,-0.4978947274915307,-0.5609748304808925,-0.8019236166026618,-0.3075623426146228,0.6158384251930635,0
0.8273772438659699,-0.7376951317802901,-0.3092756154954491,-0.47454519624983954,-0.4736736092984604,-0.5431925437033205,2.008456697338717,-0.5609748304808925,-0.8019236166026618,-0.3075623426146228,0.6158384251930635,0
-1.5661069258891576,1.3555735383351193,2.0220850406967594,-0.47454519624983954,0.7676298785983874,1.8409678328467216,-0.4978947274915307,0.059159876663617626,1.5182728441543658,-0.3075623426146228,-1.6238025415294657,1
-0.3693648410115938,1.3555735383351193,-0.3092756154954491,-0.47454519624983954,0.7676298785983874,-0.5431925437033205,-0.4978947274915307,0.059159876663617626,0.3444394801955362,-0.3075623426146228,0.6158384251930635,1
0.8273772438659699,-0.7376951317802901,0.29236584416705635,-0.47454519624983954,-0.4736736092984604,-0.5431925437033205,-0.4978947274915307,-0.5609748304808925,-0.8019236166026618,-0.3075623426146228,0.6158384251930635,0
0.8273772438659699,1.3555735383351193,-0.5348911628688886,-0.47454519624983954,-0.4736736092984604,-0.5431925437033205,-0.4978947274915307,-0.5609748304808925,-0.5353074585700541,-0.3075623426146228,0.6158384251930635,0
-0.3693648410115938,-0.7376951317802901,-0.08366006812200955,-0.47454519624983954,-0.4736736092984604,-0.5431925437033205,-0.4978947274915307,-0.5609748304808925,-0.5368057694182641,-0.3075623426146228,0.6158384251930635,0
0.8273772438659699,-0.7376951317802901,-0.3092756154954491,-0.47454519624983954,-0.4736736092984604,-0.5431925437033205,-0.4978947274915307,-0.5609748304808925,-0.9050797531497122,-0.3075623426146228,0.6158384251930635,0
0.8273772438659699,1.3555735383351193,0.7435969389139355,-0.47454519624983954,5.73284383018578,-0.5431925437033205,-0.4978947274915307,2.5396987052416584,0.457519539438721,3.2513733362117265,-1.6238025415294657,0
-0.3693648410115938,-0.7376951317802901,-0.15886525057982273,-0.47454519624983954,-0.4736736092984604,-0.5431925437033205,-0.4978947274915307,-0.5609748304808925,-0.3336984726090336,-0.3075623426146228,0.6158384251930635,0
-1.5661069258891576,1.3555735383351193,-0.7605067102423282,-0.47454519624983954,-0.4736736092984604,1.8409678328467216,-0.4978947274915307,-0.5609748304808925,0.4870824563024251,-0.3075623426146228,0.6158384251930635,1
0.8273772438659699,1.3555735383351193,-0.5724937540977952,0.4327933656785018,2.0089333664952354,-0.5431925437033205,2.008456697338717,1.299429290952638,0.24200663802437702,-0.3075623426146228,0.6158384251930635,0
-1.5661069258891576,-0.7376951317802901,-0.23407043303763592,-0.47454519624983954,-0.4736736092984604,1.8409678328467216,-0.4978947274915307,-0.5609748304808925,0.4870824563024251,-0.3075623426146228,-1.6238025415294657,1
0.8273772438659699,-0.7376951317802901,0.2171606617092432,-0.47454519624983954,-0.4736736092984604,-0.5431925437033205,-0.4978947274915307,-0.5609748304808925,-0.8189865811572414,3.2513733362117265,-1.6238025415294657,0
