fila_origen,numericas__pclass,numericas__age,numericas__edad_faltante,numericas__tiene_cubierta,numericas__sexo_mujer,numericas__tamano_familia,numericas__log_fare,puerto__embarked_Q,puerto__embarked_S,survived
692,0.8295675466232267,-0.25529769604422264,2.0486776935308284,-0.5362113426423373,-0.74242727393369,-0.5563385795422576,1.12459246563794,-0.2893334595879624,0.6119782467681131,1
481,-0.3709448379209554,0.04597097593742438,2.0486776935308284,-0.5362113426423373,-0.74242727393369,-0.5563385795422576,-3.0142779507101043,-0.2893334595879624,0.6119782467681131,0
527,-1.5714572224651375,0.7991426558915419,2.0486776935308284,1.8649363049132865,-0.74242727393369,-0.5563385795422576,2.5081984137127136,-0.2893334595879624,0.6119782467681131,0
855,0.8295675466232267,-0.8578350400075166,-0.48811972871951914,-0.5362113426423373,1.3469332756346393,0.07341192703021844,-0.6270192796576688,-0.2893334595879624,0.6119782467681131,1
801,-0.3709448379209554,0.12128814393283613,-0.48811972871951914,-0.5362113426423373,1.3469332756346393,0.7031624336026945,0.36187232230682326,-0.2893334595879624,0.6119782467681131,1
652,0.8295675466232267,-0.6318835360212813,-0.48811972871951914,-0.5362113426423373,-0.74242727393369,-0.5563385795422576,-0.7217548076434375,-0.2893334595879624,0.6119782467681131,0
509,0.8295675466232267,-0.25529769604422264,-0.48811972871951914,-0.5362113426423373,-0.74242727393369,-0.5563385795422576,1.12459246563794,-0.2893334595879624,0.6119782467681131,1
557,-1.5714572224651375,0.7991426558915419,2.0486776935308284,-0.5362113426423373,-0.74242727393369,-0.5563385795422576,2.534210660430206,-0.2893334595879624,-1.6340450094117653,0
828,0.8295675466232267,-0.25529769604422264,2.0486776935308284,-0.5362113426423373,-0.74242727393369,-0.5563385795422576,-0.7985645905727,3.456219689987115,-1.6340450094117653,1
18,0.8295675466232267,0.12128814393283613,-0.48811972871951914,-0.5362113426423373,1.3469332756346393,0.07341192703021844,-0.006499589511864669,-0.2893334595879624,0.6119782467681131,0
647,-1.5714572224651375,2.0042173438181297,-0.48811972871951914,1.8649363049132865,-0.74242727393369,-0.5563385795422576,0.6604179938919229,-0.2893334595879624,-1.6340450094117653,1
402,0.8295675466232267,-0.6318835360212813,-0.48811972871951914,-0.5362113426423373,1.3469332756346393,0.07341192703021844,-0.5811822654766777,-0.2893334595879624,0.6119782467681131,0
846,0.8295675466232267,-0.25529769604422264,2.0486776935308284,-0.5362113426423373,-0.74242727393369,5.741166486182504,1.3336037112526762,-0.2893334595879624,0.6119782467681131,0
467,-1.5714572224651375,2.0042173438181297,-0.48811972871951914,-0.5362113426423373,-0.74242727393369,-0.5563385795422576,0.3730568668300722,-0.2893334595879624,0.6119782467681131,0
51,0.8295675466232267,-0.6318835360212813,-0.48811972871951914,-0.5362113426423373,-0.74242727393369,-0.5563385795422576,-0.7927439963163673,-0.2893334595879624,0.6119782467681131,0
412,-1.5714572224651375,0.27192247992365964,-0.48811972871951914,1.8649363049132865,1.3469332756346393,0.07341192703021844,1.5936170371315883,3.456219689987115,-1.6340450094117653,1
421,0.8295675466232267,-0.6318835360212813,-0.48811972871951914,-0.5362113426423373,-0.74242727393369,-0.5563385795422576,-0.8005160811618522,3.456219689987115,-1.6340450094117653,0
250,0.8295675466232267,-0.25529769604422264,2.0486776935308284,-0.5362113426423373,-0.74242727393369,-0.5563385795422576,-0.8586708396691465,-0.2893334595879624,0.6119782467681131,0
818,0.8295675466232267,1.0250941598777772,-0.48811972871951914,-0.5362113426423373,-0.74242727393369,-0.5563385795422576,-0.962864165598587,-0.2893334595879624,0.6119782467681131,0
409,0.8295675466232267,-0.5942249520235755,2.0486776935308284,-0.5362113426423373,1.3469332756346393,1.9626634467476467,0.3320787310803254,-0.2893334595879624,0.6119782467681131,0
253,0.8295675466232267,0.04597097593742438,-0.48811972871951914,-0.5362113426423373,-0.74242727393369,0.07341192703021844,-0.11412657086979064,-0.2893334595879624,0.6119782467681131,0
218,-1.5714572224651375,0.19660531192824787,-0.48811972871951914,1.8649363049132865,1.3469332756346393,-0.5563385795422576,1.4268318563307592,-0.2893334595879624,-1.6340450094117653,1
256,-1.5714572224651375,0.42255681591448313,2.0486776935308284,-0.5362113426423373,1.3469332756346393,-0.5563385795422576,1.4645633652446388,-0.2893334595879624,-1.6340450094117653,1
226,-0.3709448379209554,-0.7825178720121049,-0.48811972871951914,-0.5362113426423373,-0.74242727393369,-0.5563385795422576,-0.5193922982997424,-0.2893334595879624,0.6119782467681131,1
294,0.8295675466232267,-0.40593203203504613,-0.48811972871951914,-0.5362113426423373,-0.74242727393369,-0.5563385795422576,-0.7816835457620395,-0.2893334595879624,0.6119782467681131,0
706,-0.3709448379209554,1.1757284958686007,-0.48811972871951914,-0.5362113426423373,1.3469332756346393,-0.5563385795422576,-0.2826042772928261,-0.2893334595879624,0.6119782467681131,1
753,0.8295675466232267,-0.48124920003045785,-0.48811972871951914,-0.5362113426423373,-0.74242727393369,-0.5563385795422576,-0.7816835457620395,-0.2893334595879624,0.6119782467681131,0
197,0.8295675466232267,0.9497769918823654,-0.48811972871951914,-0.5362113426423373,-0.74242727393369,0.07341192703021844,-0.7249108537339986,-0.2893334595879624,0.6119782467681131,0
835,-1.5714572224651375,0.7238254878961301,-0.48811972871951914,1.8649363049132865,1.3469332756346393,0.7031624336026945,1.5137757396563798,-0.2893334595879624,-1.6340450094117653,1
220,0.8295675466232267,-1.00846937599834,-0.48811972871951914,-0.5362113426423373,-0.74242727393369,-0.5563385795422576,-0.764128356870882,-0.2893334595879624,0.6119782467681131,1
739,0.8295675466232267,-0.25529769604422264,2.0486776935308284,-0.5362113426423373,-0.74242727393369,-0.5563385795422576,-0.7816835457620395,-0.2893334595879624,0.6119782467681131,0
33,-0.3709448379209554,2.7573890237722476,-0.48811972871951914,-0.5362113426423373,-0.74242727393369,-0.5563385795422576,-0.5193922982997424,-0.2893334595879624,0.6119782467681131,0
430,-1.5714572224651375,-0.10466336005339912,-0.48811972871951914,1.8649363049132865,-0.74242727393369,-0.5563385795422576,0.3730568668300722,-0.2893334595879624,0.6119782467681131,1
150,-0.3709448379209554,1.6276315038410711,-0.48811972871951914,-0.5362113426423373,-0.74242727393369,-0.5563385795422576,-0.35371049417977835,-0.2893334595879624,0.6119782467681131,0
586,-0.3709448379209554,1.326362831859424,-0.48811972871951914,-0.5362113426423373,-0.74242727393369,-0.5563385795422576,-0.1820466080806421,-0.2893334595879624,0.6119782467681131,0
204,0.8295675466232267,-0.8578350400075166,-0.48811972871951914,-0.5362113426423373,-0.74242727393369,-0.5563385795422576,-0.764128356870882,-0.2893334595879624,0.6119782467681131,1
344,-0.3709448379209554,0.4978739839098949,-0.48811972871951914,-0.5362113426423373,-0.74242727393369,-0.5563385795422576,-0.31845046501857954,-0.2893334595879624,0.6119782467681131,0
747,-0.3709448379209554,0.04597097593742438,-0.48811972871951914,-0.5362113426423373,1.3469332756346393,-0.5563385795422576,-0.31845046501857954,-0.2893334595879624,0.6119782467681131,1
323,-0.3709448379209554,-0.5565663680258697,-0.48811972871951914,-0.5362113426423373,1.3469332756346393,0.7031624336026945,0.4600843842239449,-0.2893334595879624,0.6119782467681131,1
264,0.8295675466232267,-0.5942249520235755,2.0486776935308284,-0.5362113426423373,1.3469332756346393,-0.5563385795422576,-0.7985645905727,3.456219689987115,-1.6340450094117653,0
134,-0.3709448379209554,-0.33061486403963436,-0.48811972871951914,-0.5362113426423373,-0.74242727393369,-0.5563385795422576,-0.31845046501857954,-0.2893334595879624,0.6119782467681131,0
832,0.8295675466232267,-0.25529769604422264,2.0486776935308284,-0.5362113426423373,-0.74242727393369,-0.5563385795422576,-0.861249539007615,-0.2893334595879624,-1.6340450094117653,0
190,-0.3709448379209554,0.19660531192824787,-0.48811972871951914,-0.5362113426423373,1.3469332756346393,-0.5563385795422576,-0.31845046501857954,-0.2893334595879624,0.6119782467681131,1
107,0.8295675466232267,-0.25529769604422264,2.0486776935308284,-0.5362113426423373,-0.74242727393369,-0.5563385795422576,-0.7956501477165205,-0.2893334595879624,0.6119782467681131,1
192,0.8295675466232267,-0.7825178720121049,-0.48811972871951914,-0.5362113426423373,1.3469332756346393,0.07341192703021844,-0.7864717099734808,-0.2893334595879624,0.6119782467681131,1
449,-1.5714572224651375,1.7029486718364828,-0.48811972871951914,1.8649363049132865,-0.74242727393369,-0.5563385795422576,0.5099240993841044,-0.2893334595879624,0.6119782467681131,1
96,-1.5714572224651375,3.1339748637493066,-0.48811972871951914,1.8649363049132865,-0.74242727393369,-0.5563385795422576,0.636468340869777,-0.2893334595879624,-1.6340450094117653,0
382,0.8295675466232267,0.19660531192824787,-0.48811972871951914,-0.5362113426423373,-0.74242727393369,-0.5563385795422576,-0.7783359785016885,-0.2893334595879624,0.6119782467681131,0
715,0.8295675466232267,-0.7825178720121049,-0.48811972871951914,1.8649363049132865,-0.74242727393369,-0.5563385795422576,-0.8103062316651963,-0.2893334595879624,0.6119782467681131,0
364,0.8295675466232267,-0.25529769604422264,2.0486776935308284,-0.5362113426423373,-0.74242727393369,0.07341192703021844,-0.15061300401178082,3.456219689987115,-1.6340450094117653,0
474,0.8295675466232267,-0.5565663680258697,-0.48811972871951914,-0.5362113426423373,1.3469332756346393,-0.5563385795422576,-0.5800033714875922,-0.2893334595879624,0.6119782467681131,0
434,-1.5714572224651375,1.5523143358456595,-0.48811972871951914,1.8649363049132865,-0.74242727393369,0.07341192703021844,1.1139518289778656,-0.2893334595879624,0.6119782467681131,0
63,0.8295675466232267,-1.912275391943281,-0.48811972871951914,-0.5362113426423373,-0.74242727393369,2.592413953320123,0.42192501762579687,-0.2893334595879624,0.6119782467681131,0
763,-1.5714572224651375,0.4978739839098949,-0.48811972871951914,1.8649363049132865,1.3469332756346393,1.3329129401751707,1.884677378283859,-0.2893334595879624,0.6119782467681131,1
748,-1.5714572224651375,-0.7825178720121049,-0.48811972871951914,1.8649363049132865,-0.74242727393369,0.07341192703021844,1.0624051771349525,-0.2893334595879624,0.6119782467681131,0
842,-1.5714572224651375,0.04597097593742438,-0.48811972871951914,-0.5362113426423373,1.3469332756346393,-0.5563385795422576,0.5260112275767236,-0.2893334595879624,-1.6340450094117653,1
643,0.8295675466232267,-0.25529769604422264,2.0486776935308284,-0.5362113426423373,-0.74242727393369,-0.5563385795422576,1.12459246563794,-0.2893334595879624,0.6119782467681131,1
365,0.8295675466232267,0.04597097593742438,-0.48811972871951914,-0.5362113426423373,-0.74242727393369,-0.5563385795422576,-0.8586708396691465,-0.2893334595879624,0.6119782467681131,0
494,0.8295675466232267,-0.6318835360212813,-0.48811972871951914,-0.5362113426423373,-0.74242727393369,-0.5563385795422576,-0.764128356870882,-0.2893334595879624,0.6119782467681131,0
308,-0.3709448379209554,0.04597097593742438,-0.48811972871951914,-0.5362113426423373,-0.74242727393369,0.07341192703021844,0.2738408121258474,-0.2893334595879624,-1.6340450094117653,0
651,-0.3709448379209554,-0.8578350400075166,-0.48811972871951914,-0.5362113426423373,1.3469332756346393,0.07341192703021844,0.2321406741207001,-0.2893334595879624,0.6119782467681131,1
302,0.8295675466232267,-0.7825178720121049,-0.48811972871951914,-0.5362113426423373,-0.74242727393369,-0.5563385795422576,-3.0142779507101043,-0.2893334595879624,0.6119782467681131,0
716,-1.5714572224651375,0.6485083199007183,-0.48811972871951914,1.8649363049132865,1.3469332756346393,-0.5563385795422576,2.534210660430206,-0.2893334595879624,-1.6340450094117653,1
819,0.8295675466232267,-1.4603723839708107,-0.48811972871951914,-0.5362113426423373,-0.74242727393369,2.592413953320123,0.42192501762579687,-0.2893334595879624,0.6119782467681131,0
732,-0.3709448379209554,0.04597097593742438,2.0486776935308284,-0.5362113426423373,-0.74242727393369,-0.5563385795422576,-3.0142779507101043,-0.2893334595879624,0.6119782467681131,0
251,0.8295675466232267,-0.02934619205798737,-0.48811972871951914,1.8649363049132865,1.3469332756346393,0.7031624336026945,-0.5227287569920441,-0.2893334595879624,0.6119782467681131,0
154,0.8295675466232267,-0.25529769604422264,2.0486776935308284,-0.5362113426423373,-0.74242727393369,-0.5563385795422576,-0.8509612821071673,-0.2893334595879624,0.6119782467681131,0
403,0.8295675466232267,-0.10466336005339912,-0.48811972871951914,-0.5362113426423373,-0.74242727393369,0.07341192703021844,-0.12917119520889705,-0.2893334595879624,0.6119782467681131,0
610,0.8295675466232267,0.7238254878961301,-0.48811972871951914,-0.5362113426423373,1.3469332756346393,3.2221644598925994,0.5347523363861653,-0.2893334595879624,0.6119782467681131,0
205,0.8295675466232267,-2.0629097279341044,-0.48811972871951914,1.8649363049132865,1.3469332756346393,0.07341192703021844,-0.5227287569920441,-0.2893334595879624,0.6119782467681131,0
219,-0.3709448379209554,0.04597097593742438,-0.48811972871951914,-0.5362113426423373,-0.74242727393369,-0.5563385795422576,-0.5193922982997424,-0.2893334595879624,0.6119782467681131,0
693,0.8295675466232267,-0.33061486403963436,-0.48811972871951914,-0.5362113426423373,-0.74242727393369,-0.5563385795422576,-0.861771028780618,-0.2893334595879624,-1.6340450094117653,0
686,0.8295675466232267,-1.1591037119891636,-0.48811972871951914,-0.5362113426423373,-0.74242727393369,2.592413953320123,0.7713629915075374,-0.2893334595879624,0.6119782467681131,0
383,-1.5714572224651375,0.42255681591448313,-0.48811972871951914,-0.5362113426423373,1.3469332756346393,0.07341192703021844,1.041421009165468,-0.2893334595879624,0.6119782467681131,1
550,-1.5714572224651375,-0.9331522080029284,-0.48811972871951914,1.8649363049132865,-0.74242727393369,0.7031624336026945,1.80465810851602,-0.2893334595879624,-1.6340450094117653,1
468,0.8295675466232267,-0.25529769604422264,2.0486776935308284,-0.5362113426423373,-0.74242727393369,-0.5563385795422576,-0.8014873723325338,3.456219689987115,-1.6340450094117653,0
654,0.8295675466232267,-0.8578350400075166,-0.48811972871951914,-0.5362113426423373,1.3469332756346393,-0.5563385795422576,-0.9225361050705986,3.456219689987115,-1.6340450094117653,0
649,0.8295675466232267,-0.48124920003045785,-0.48811972871951914,-0.5362113426423373,1.3469332756346393,-0.5563385795422576,-0.8221844065271563,-0.2893334595879624,0.6119782467681131,1
482,0.8295675466232267,1.5523143358456595,-0.48811972871951914,-0.5362113426423373,-0.74242727393369,-0.5563385795422576,-0.764128356870882,-0.2893334595879624,0.6119782467681131,0
742,-1.5714572224651375,-0.6318835360212813,-0.48811972871951914,1.8649363049132865,1.3469332756346393,1.9626634467476467,2.679197120304331,-0.2893334595879624,-1.6340450094117653,1
195,-1.5714572224651375,2.1548516798089534,-0.48811972871951914,1.8649363049132865,1.3469332756346393,-0.5563385795422576,2.0871191408099006,-0.2893334595879624,-1.6340450094117653,1
43,-0.3709448379209554,-1.9875925599386928,-0.48811972871951914,-0.5362113426423373,1.3469332756346393,1.3329129401751707,0.8177855330109085,-0.2893334595879624,-1.6340450094117653,1
446,-0.3709448379209554,-1.2344208799845753,-0.48811972871951914,-0.5362113426423373,1.3469332756346393,0.07341192703021844,0.07112089044419076,-0.2893334595879624,0.6119782467681131,1
626,-0.3709448379209554,2.0795345118135415,-0.48811972871951914,-0.5362113426423373,-0.74242727393369,-0.5563385795422576,-0.36701408815999026,3.456219689987115,-1.6340450094117653,0
791,-0.3709448379209554,-1.00846937599834,-0.48811972871951914,-0.5362113426423373,-0.74242727393369,-0.5563385795422576,0.35245740286601845,-0.2893334595879624,0.6119782467681131,0
32,0.8295675466232267,-0.5942249520235755,2.0486776935308284,-0.5362113426423373,1.3469332756346393,-0.5563385795422576,-0.7985645905727,3.456219689987115,-1.6340450094117653,1
684,-0.3709448379209554,2.3054860157997767,-0.48811972871951914,-0.5362113426423373,-0.74242727393369,0.7031624336026945,0.7539549376799682,-0.2893334595879624,0.6119782467681131,0
373,-1.5714572224651375,-0.5565663680258697,-0.48811972871951914,-0.5362113426423373,-0.74242727393369,-0.5563385795422576,2.008801396566028,-0.2893334595879624,-1.6340450094117653,0
418,-0.3709448379209554,0.04597097593742438,-0.48811972871951914,-0.5362113426423373,-0.74242727393369,-0.5563385795422576,-0.31845046501857954,-0.2893334595879624,0.6119782467681131,0
844,0.8295675466232267,-0.9331522080029284,-0.48811972871951914,-0.5362113426423373,-0.74242727393369,-0.5563385795422576,-0.697231961108304,-0.2893334595879624,0.6119782467681131,0
794,0.8295675466232267,-0.33061486403963436,-0.48811972871951914,-0.5362113426423373,-0.74242727393369,-0.5563385795422576,-0.7816835457620395,-0.2893334595879624,0.6119782467681131,0
821,0.8295675466232267,-0.17998052804881087,-0.48811972871951914,-0.5362113426423373,-0.74242727393369,-0.5563385795422576,-0.697231961108304,-0.2893334595879624,0.6119782467681131,1
179,0.8295675466232267,0.4978739839098949,-0.48811972871951914,-0.5362113426423373,-0.74242727393369,-0.5563385795422576,-3.0142779507101043,-0.2893334595879624,0.6119782467681131,0
415,0.8295675466232267,-0.5942249520235755,2.0486776935308284,-0.5362113426423373,1.3469332756346393,-0.5563385795422576,-0.764128356870882,-0.2893334595879624,0.6119782467681131,0
367,0.8295675466232267,-0.5942249520235755,2.0486776935308284,-0.5362113426423373,1.3469332756346393,-0.5563385795422576,-0.861249539007615,-0.2893334595879624,-1.6340450094117653,1
713,0.8295675466232267,-0.02934619205798737,-0.48811972871951914,-0.5362113426423373,-0.74242727393369,-0.5563385795422576,-0.6139470016252225,-0.2893334595879624,0.6119782467681131,0
537,-1.5714572224651375,0.04597097593742438,-0.48811972871951914,-0.5362113426423373,1.3469332756346393,-0.5563385795422576,1.7631199417813546,-0.2893334595879624,-1.6340450094117653,1
77,0.8295675466232267,-0.25529769604422264,2.0486776935308284,-0.5362113426423373,-0.74242727393369,-0.5563385795422576,-0.764128356870882,-0.2893334595879624,0.6119782467681131,0
155,-1.5714572224651375,1.6276315038410711,-0.48811972871951914,-0.5362113426423373,-0.74242727393369,0.07341192703021844,1.2078660699042807,-0.2893334595879624,-1.6340450094117653,0
156,0.8295675466232267,-1.00846937599834,-0.48811972871951914,-0.5362113426423373,1.3469332756346393,-0.5563385795422576,-0.8005160811618522,3.456219689987115,-1.6340450094117653,1
368,0.8295675466232267,-0.5942249520235755,2.0486776935308284,-0.5362113426423373,1.3469332756346393,-0.5563385795422576,-0.7985645905727,3.456219689987115,-1.6340450094117653,1
381,0.8295675466232267,-2.1382268959295163,-0.48811972871951914,-0.5362113426423373,1.3469332756346393,0.7031624336026945,-0.13575794621029133,-0.2893334595879624,-1.6340450094117653,1
395,0.8295675466232267,-0.5565663680258697,-0.48811972871951914,-0.5362113426423373,-0.74242727393369,-0.5563385795422576,-0.7932316522910631,-0.2893334595879624,0.6119782467681131,0
128,0.8295675466232267,-0.5942249520235755,2.0486776935308284,1.8649363049132865,1.3469332756346393,0.7031624336026945,0.2044562315283493,-0.2893334595879624,-1.6340450094117653,1
278,0.8295675466232267,-1.686323887957046,-0.48811972871951914,-0.5362113426423373,-0.74242727393369,2.592413953320123,0.46433183952503365,3.456219689987115,-1.6340450094117653,0
298,-1.5714572224651375,0.7991426558915419,2.0486776935308284,1.8649363049132865,-0.74242727393369,-0.5563385795422576,0.5099240993841044,-0.2893334595879624,0.6119782467681131,1
214,0.8295675466232267,-0.25529769604422264,2.0486776935308284,-0.5362113426423373,-0.74242727393369,0.07341192703021844,-0.7985645905727,3.456219689987115,-1.6340450094117653,0
809,-1.5714572224651375,0.27192247992365964,-0.48811972871951914,1.8649363049132865,1.3469332756346393,0.07341192703021844,1.0624051771349525,-0.2893334595879624,0.6119782467681131,1
50,0.8295675466232267,-1.686323887957046,-0.48811972871951914,-0.5362113426423373,-0.74242727393369,2.592413953320123,0.7713629915075374,-0.2893334595879624,0.6119782467681131,0
890,0.8295675466232267,0.19660531192824787,-0.48811972871951914,-0.5362113426423373,-0.74242727393369,-0.5563385795422576,-0.7985645905727,3.456219689987115,-1.6340450094117653,0
723,-0.3709448379209554,1.5523143358456595,-0.48811972871951914,-0.5362113426423373,-0.74242727393369,-0.5563385795422576,-0.31845046501857954,-0.2893334595879624,0.6119782467681131,0
232,-0.3709448379209554,2.2301688478043653,-0.48811972871951914,-0.5362113426423373,-0.74242727393369,-0.5563385795422576,-0.2826042772928261,-0.2893334595879624,0.6119782467681131,0
34,-1.5714572224651375,-0.10466336005339912,-0.48811972871951914,-0.5362113426423373,-0.74242727393369,0.07341192703021844,1.5017186097822448,-0.2893334595879624,-1.6340450094117653,0
45,0.8295675466232267,-0.25529769604422264,2.0486776935308284,-0.5362113426423373,-0.74242727393369,-0.5563385795422576,-0.764128356870882,-0.2893334595879624,0.6119782467681131,0
694,-1.5714572224651375,2.3054860157997767,-0.48811972871951914,-0.5362113426423373,-0.74242727393369,-0.5563385795422576,0.3730568668300722,-0.2893334595879624,0.6119782467681131,0
114,0.8295675466232267,-0.9331522080029284,-0.48811972871951914,-0.5362113426423373,1.3469332756346393,-0.5563385795422576,-0.2172301683538281,-0.2893334595879624,-1.6340450094117653,0
122,-0.3709448379209554,0.23426389592595376,-0.48811972871951914,-0.5362113426423373,-0.74242727393369,0.07341192703021844,0.49590990667986945,-0.2893334595879624,-1.6340450094117653,0
627,-1.5714572224651375,-0.6318835360212813,-0.48811972871951914,1.8649363049132865,1.3469332756346393,-0.5563385795422576,1.4486240570234632,-0.2893334595879624,0.6119782467681131,1
261,0.8295675466232267,-1.9875925599386928,-0.48811972871951914,-0.5362113426423373,-0.74242727393369,3.2221644598925994,0.5383067972520411,-0.2893334595879624,0.6119782467681131,1
238,-0.3709448379209554,-0.7825178720121049,-0.48811972871951914,-0.5362113426423373,-0.74242727393369,-0.5563385795422576,-0.5193922982997424,-0.2893334595879624,0.6119782467681131,0
437,-0.3709448379209554,-0.40593203203504613,-0.48811972871951914,-0.5362113426423373,1.3469332756346393,2.592413953320123,0.0330477309880125,-0.2893334595879624,0.6119782467681131,1
585,-1.5714572224651375,-0.8578350400075166,-0.48811972871951914,1.8649363049132865,1.3469332756346393,0.7031624336026945,1.4702790181753362,-0.2893334595879624,0.6119782467681131,1
796,-1.5714572224651375,1.4769971678502476,-0.48811972871951914,1.8649363049132865,1.3469332756346393,-0.5563385795422576,0.34977525450318636,-0.2893334595879624,0.6119782467681131,1
254,0.8295675466232267,0.8744598238869536,-0.48811972871951914,-0.5362113426423373,1.3469332756346393,0.7031624336026945,0.10602159223347082,-0.2893334595879624,0.6119782467681131,0
286,0.8295675466232267,0.04597097593742438,-0.48811972871951914,-0.5362113426423373,-0.74242727393369,-0.5563385795422576,-0.612321018474603,-0.2893334595879624,0.6119782467681131,1
94,0.8295675466232267,2.2301688478043653,-0.48811972871951914,-0.5362113426423373,-0.74242727393369,-0.5563385795422576,-0.8586708396691465,-0.2893334595879624,0.6119782467681131,0
691,0.8295675466232267,-1.912275391943281,-0.48811972871951914,-0.5362113426423373,1.3469332756346393,0.07341192703021844,-0.2884896062322927,-0.2893334595879624,-1.6340450094117653,1
140,0.8295675466232267,-0.5942249520235755,2.0486776935308284,-0.5362113426423373,1.3469332756346393,0.7031624336026945,-0.16647295836602577,-0.2893334595879624,-1.6340450094117653,0
406,0.8295675466232267,1.6276315038410711,-0.48811972871951914,-0.5362113426423373,-0.74242727393369,-0.5563385795422576,-0.7985645905727,-0.2893334595879624,0.6119782467681131,0
440,-0.3709448379209554,1.1757284958686007,-0.48811972871951914,-0.5362113426423373,1.3469332756346393,0.7031624336026945,0.36187232230682326,-0.2893334595879624,0.6119782467681131,1
424,0.8295675466232267,-0.8578350400075166,-0.48811972871951914,-0.5362113426423373,-0.74242727393369,0.7031624336026945,0.10602159223347082,-0.2893334595879624,0.6119782467681131,0
792,0.8295675466232267,-0.5942249520235755,2.0486776935308284,-0.5362113426423373,1.3469332756346393,5.741166486182504,1.3336037112526762,-0.2893334595879624,0.6119782467681131,0
612,0.8295675466232267,-0.5942249520235755,2.0486776935308284,-0.5362113426423373,1.3469332756346393,0.07341192703021844,-0.15061300401178082,3.456219689987115,-1.6340450094117653,1
848,-0.3709448379209554,-0.10466336005339912,-0.48811972871951914,-0.5362113426423373,-0.74242727393369,0.07341192703021844,0.5879399776528828,-0.2893334595879624,0.6119782467681131,0
152,0.8295675466232267,1.966558759820424,-0.48811972871951914,-0.5362113426423373,-0.74242727393369,-0.5563385795422576,-0.764128356870882,-0.2893334595879624,0.6119782467681131,0
118,-1.5714572224651375,-0.40593203203504613,-0.48811972871951914,1.8649363049132865,-0.74242727393369,0.07341192703021844,2.619895998140905,-0.2893334595879624,-1.6340450094117653,0
633,-1.5714572224651375,0.7991426558915419,2.0486776935308284,-0.5362113426423373,-0.74242727393369,-0.5563385795422576,-3.0142779507101043,-0.2893334595879624,0.6119782467681131,0
347,0.8295675466232267,-0.5942249520235755,2.0486776935308284,-0.5362113426423373,1.3469332756346393,0.07341192703021844,-0.11412657086979064,-0.2893334595879624,0.6119782467681131,1
783,0.8295675466232267,-0.25529769604422264,2.0486776935308284,-0.5362113426423373,-0.74242727393369,1.3329129401751707,0.2511166661350999,-0.2893334595879624,0.6119782467681131,0
159,0.8295675466232267,-0.25529769604422264,2.0486776935308284,-0.5362113426423373,-0.74242727393369,5.741166486182504,1.3336037112526762,-0.2893334595879624,0.6119782467681131,0
133,-0.3709448379209554,-0.02934619205798737,-0.48811972871951914,-0.5362113426423373,1.3469332756346393,0.07341192703021844,0.35245740286601845,-0.2893334595879624,0.6119782467681131,1
268,-1.5714572224651375,2.1548516798089534,-0.48811972871951914,1.8649363049132865,1.3469332756346393,0.07341192703021844,2.1340904531044806,-0.2893334595879624,0.6119782467681131,1
2,0.8295675466232267,-0.25529769604422264,-0.48811972871951914,-0.5362113426423373,1.3469332756346393,-0.5563385795422576,-0.7783359785016885,-0.2893334595879624,0.6119782467681131,1
523,-1.5714572224651375,1.1004113278731888,-0.48811972871951914,1.8649363049132865,1.3469332756346393,0.07341192703021844,1.150613365173043,-0.2893334595879624,-1.6340450094117653,1
598,0.8295675466232267,-0.25529769604422264,2.0486776935308284,-0.5362113426423373,-0.74242727393369,-0.5563385795422576,-0.861771028780618,-0.2893334595879624,-1.6340450094117653,0
769,0.8295675466232267,0.19660531192824787,-0.48811972871951914,-0.5362113426423373,-0.74242727393369,-0.5563385795422576,-0.7294505011766041,-0.2893334595879624,0.6119782467681131,0
619,-0.3709448379209554,-0.25529769604422264,-0.48811972871951914,-0.5362113426423373,-0.74242727393369,-0.5563385795422576,-0.5193922982997424,-0.2893334595879624,0.6119782467681131,0
574,0.8295675466232267,-1.00846937599834,-0.48811972871951914,-0.5362113426423373,-0.74242727393369,-0.5563385795422576,-0.764128356870882,-0.2893334595879624,0.6119782467681131,0
379,0.8295675466232267,-0.7825178720121049,-0.48811972871951914,-0.5362113426423373,-0.74242727393369,-0.5563385795422576,-0.7956501477165205,-0.2893334595879624,0.6119782467681131,0
656,0.8295675466232267,-0.25529769604422264,2.0486776935308284,-0.5362113426423373,-0.74242727393369,-0.5563385795422576,-0.7816835457620395,-0.2893334595879624,0.6119782467681131,0
771,0.8295675466232267,1.401679999854836,-0.48811972871951914,-0.5362113426423373,-0.74242727393369,-0.5563385795422576,-0.7864717099734808,-0.2893334595879624,0.6119782467681131,0
260,0.8295675466232267,-0.25529769604422264,2.0486776935308284,-0.5362113426423373,-0.74242727393369,-0.5563385795422576,-0.7985645905727,3.456219689987115,-1.6340450094117653,0
480,0.8295675466232267,-1.5356895519662224,-0.48811972871951914,-0.5362113426423373,-0.74242727393369,3.8519149664650754,0.9380681408554232,-0.2893334595879624,0.6119782467681131,0
230,-1.5714572224651375,0.42255681591448313,-0.48811972871951914,1.8649363049132865,1.3469332756346393,0.07341192703021844,1.517612622185719,-0.2893334595879624,0.6119782467681131,1
125,0.8295675466232267,-1.3097380479799872,-0.48811972871951914,-0.5362113426423373,-0.74242727393369,0.07341192703021844,-0.45554668271614973,-0.2893334595879624,-1.6340450094117653,1
396,0.8295675466232267,0.12128814393283613,-0.48811972871951914,-0.5362113426423373,1.3469332756346393,-0.5563385795422576,-0.7864717099734808,-0.2893334595879624,0.6119782467681131,0
866,-0.3709448379209554,-0.17998052804881087,-0.48811972871951914,-0.5362113426423373,1.3469332756346393,0.07341192703021844,-0.25766919903024144,-0.2893334595879624,-1.6340450094117653,1
779,-1.5714572224651375,1.0250941598777772,-0.48811972871951914,1.8649363049132865,1.3469332756346393,0.07341192703021844,2.459161614470024,-0.2893334595879624,0.6119782467681131,1
767,0.8295675466232267,0.08362955993513026,-0.48811972871951914,-0.5362113426423373,1.3469332756346393,-0.5563385795422576,-0.7985645905727,3.456219689987115,-1.6340450094117653,0
461,0.8295675466232267,0.34723964791907136,-0.48811972871951914,-0.5362113426423373,-0.74242727393369,-0.5563385795422576,-0.764128356870882,-0.2893334595879624,0.6119782467681131,0
466,-0.3709448379209554,0.04597097593742438,2.0486776935308284,-0.5362113426423373,-0.74242727393369,-0.5563385795422576,-3.0142779507101043,-0.2893334595879624,0.6119782467681131,0
734,-0.3709448379209554,-0.48124920003045785,-0.48811972871951914,-0.5362113426423373,-0.74242727393369,-0.5563385795422576,-0.31845046501857954,-0.2893334595879624,0.6119782467681131,0
394,0.8295675466232267,-0.40593203203504613,-0.48811972871951914,1.8649363049132865,1.3469332756346393,0.7031624336026945,-0.07889854445074788,-0.2893334595879624,0.6119782467681131,1
705,-0.3709448379209554,0.7238254878961301,-0.48811972871951914,-0.5362113426423373,-0.74242727393369,-0.5563385795422576,0.35245740286601845,-0.2893334595879624,0.6119782467681131,0
345,-0.3709448379209554,-0.40593203203504613,-0.48811972871951914,1.8649363049132865,1.3469332756346393,-0.5563385795422576,-0.31845046501857954,-0.2893334595879624,0.6119782467681131,1
552,0.8295675466232267,-0.25529769604422264,2.0486776935308284,-0.5362113426423373,-0.74242727393369,-0.5563385795422576,-0.7893600465171675,3.456219689987115,-1.6340450094117653,0
469,0.8295675466232267,-2.157056187928369,-0.48811972871951914,-0.5362113426423373,1.3469332756346393,1.3329129401751707,0.05900545724110195,-0.2893334595879624,-1.6340450094117653,1
722,-0.3709448379209554,0.34723964791907136,-0.48811972871951914,-0.5362113426423373,-0.74242727393369,-0.5563385795422576,-0.31845046501857954,-0.2893334595879624,0.6119782467681131,0
350,0.8295675466232267,-0.48124920003045785,-0.48811972871951914,-0.5362113426423373,-0.74242727393369,-0.5563385795422576,-0.6394314800991431,-0.2893334595879624,0.6119782467681131,0
432,-0.3709448379209554,0.9497769918823654,-0.48811972871951914,-0.5362113426423373,1.3469332756346393,0.07341192703021844,0.35245740286601845,-0.2893334595879624,0.6119782467681131,1
5,0.8295675466232267,-0.25529769604422264,2.0486776935308284,-0.5362113426423373,-0.74242727393369,-0.5563385795422576,-0.7190511930092466,3.456219689987115,-1.6340450094117653,0
588,0.8295675466232267,-0.5565663680258697,-0.48811972871951914,-0.5362113426423373,-0.74242727393369,-0.5563385795422576,-0.764128356870882,-0.2893334595879624,0.6119782467681131,0
78,-0.3709448379209554,-2.1510308144887365,-0.48811972871951914,-0.5362113426423373,-0.74242727393369,0.7031624336026945,0.4600843842239449,-0.2893334595879624,0.6119782467681131,1
235,0.8295675466232267,-0.5942249520235755,2.0486776935308284,-0.5362113426423373,1.3469332756346393,-0.5563385795422576,-0.8221844065271563,-0.2893334595879624,0.6119782467681131,0
695,-0.3709448379209554,1.7029486718364828,-0.48811972871951914,-0.5362113426423373,-0.74242727393369,-0.5563385795422576,-0.2826042772928261,-0.2893334595879624,0.6119782467681131,0
721,0.8295675466232267,-0.9331522080029284,-0.48811972871951914,-0.5362113426423373,-0.74242727393369,0.07341192703021844,-0.883207041789855,-0.2893334595879624,0.6119782467681131,0
453,-1.5714572224651375,1.4769971678502476,-0.48811972871951914,1.8649363049132865,-0.74242727393369,0.07341192703021844,1.5835115013154417,-0.2893334595879624,-1.6340450094117653,1
414,0.8295675466232267,1.1004113278731888,-0.48811972871951914,-0.5362113426423373,-0.74242727393369,-0.5563385795422576,-0.7783359785016885,-0.2893334595879624,0.6119782467681131,1
751,0.8295675466232267,-1.7616410559524576,-0.48811972871951914,1.8649363049132865,-0.74242727393369,0.07341192703021844,-0.3574938745348766,-0.2893334595879624,0.6119782467681131,1
545,-1.5714572224651375,2.6067546877814243,-0.48811972871951914,-0.5362113426423373,-0.74242727393369,-0.5563385795422576,0.35245740286601845,-0.2893334595879624,0.6119782467681131,0
807,0.8295675466232267,-0.8578350400075166,-0.48811972871951914,-0.5362113426423373,1.3469332756346393,-0.5563385795422576,-0.7956501477165205,-0.2893334595879624,0.6119782467681131,0
575,0.8295675466232267,-0.7825178720121049,-0.48811972871951914,-0.5362113426423373,-0.74242727393369,-0.5563385795422576,-0.21447826941323297,-0.2893334595879624,0.6119782467681131,0
93,0.8295675466232267,-0.25529769604422264,-0.48811972871951914,-0.5362113426423373,-0.74242727393369,1.3329129401751707,0.12333070302064068,-0.2893334595879624,0.6119782467681131,0
314,-0.3709448379209554,1.0250941598777772,-0.48811972871951914,-0.5362113426423373,-0.74242727393369,0.7031624336026945,0.36187232230682326,-0.2893334595879624,0.6119782467681131,0
517,0.8295675466232267,-0.25529769604422264,2.0486776935308284,-0.5362113426423373,-0.74242727393369,-0.5563385795422576,0.2799515673067741,3.456219689987115,-1.6340450094117653,0
816,0.8295675466232267,-0.48124920003045785,-0.48811972871951914,-0.5362113426423373,1.3469332756346393,-0.5563385795422576,-0.7783359785016885,-0.2893334595879624,0.6119782467681131,0
266,0.8295675466232267,-1.00846937599834,-0.48811972871951914,-0.5362113426423373,-0.74242727393369,2.592413953320123,0.7713629915075374,-0.2893334595879624,0.6119782467681131,0
540,-1.5714572224651375,0.4978739839098949,-0.48811972871951914,1.8649363049132865,1.3469332756346393,0.7031624336026945,1.3543857919794076,-0.2893334595879624,0.6119782467681131,1
356,-1.5714572224651375,-0.5565663680258697,-0.48811972871951914,1.8649363049132865,1.3469332756346393,0.07341192703021844,1.0976652062961523,-0.2893334595879624,0.6119782467681131,1
877,0.8295675466232267,-0.7825178720121049,-0.48811972871951914,-0.5362113426423373,-0.74242727393369,-0.5563385795422576,-0.7816835457620395,-0.2893334595879624,0.6119782467681131,0
358,0.8295675466232267,-0.5942249520235755,2.0486776935308284,-0.5362113426423373,1.3469332756346393,-0.5563385795422576,-0.783591517216028,3.456219689987115,-1.6340450094117653,1
873,0.8295675466232267,1.326362831859424,-0.48811972871951914,-0.5362113426423373,-0.74242727393369,-0.5563385795422576,-0.6621607336347626,-0.2893334595879624,0.6119782467681131,0
161,-0.3709448379209554,0.7991426558915419,-0.48811972871951914,-0.5362113426423373,1.3469332756346393,-0.5563385795422576,-0.13525163892476433,-0.2893334595879624,0.6119782467681131,1
113,0.8295675466232267,-0.7072007040166931,-0.48811972871951914,-0.5362113426423373,1.3469332756346393,0.07341192703021844,-0.5811822654766777,-0.2893334595879624,0.6119782467681131,0
518,-0.3709448379209554,0.4978739839098949,-0.48811972871951914,-0.5362113426423373,1.3469332756346393,0.07341192703021844,0.35245740286601845,-0.2893334595879624,0.6119782467681131,1
175,0.8295675466232267,-0.8578350400075166,-0.48811972871951914,-0.5362113426423373,-0.74242727393369,0.7031624336026945,-0.7864717099734808,-0.2893334595879624,0.6119782467681131,0
757,-0.3709448379209554,-0.8578350400075166,-0.48811972871951914,-0.5362113426423373,-0.74242727393369,-0.5563385795422576,-0.4342170235315178,-0.2893334595879624,0.6119782467681131,0
74,0.8295675466232267,0.19660531192824787,-0.48811972871951914,-0.5362113426423373,-0.74242727393369,-0.5563385795422576,1.12459246563794,-0.2893334595879624,0.6119782467681131,1
130,0.8295675466232267,0.27192247992365964,-0.48811972871951914,-0.5362113426423373,-0.74242727393369,-0.5563385795422576,-0.7816835457620395,-0.2893334595879624,-1.6340450094117653,0
604,-1.5714572224651375,0.42255681591448313,-0.48811972871951914,-0.5362113426423373,-0.74242727393369,-0.5563385795422576,0.3730568668300722,-0.2893334595879624,-1.6340450094117653,1
438,-1.5714572224651375,2.6067546877814243,-0.48811972871951914,1.8649363049132865,-0.74242727393369,2.592413953320123,2.6816183386176813,-0.2893334595879624,0.6119782467681131,0
262,-1.5714572224651375,1.7029486718364828,-0.48811972871951914,1.8649363049132865,-0.74242727393369,0.7031624336026945,1.4702790181753362,-0.2893334595879624,0.6119782467681131,0
858,0.8295675466232267,-0.40593203203504613,-0.48811972871951914,-0.5362113426423373,1.3469332756346393,1.3329129401751707,0.05900545724110195,-0.2893334595879624,-1.6340450094117653,1
326,0.8295675466232267,2.3808031837951886,-0.48811972871951914,-0.5362113426423373,-0.74242727393369,-0.5563385795422576,-0.9924248597692639,-0.2893334595879624,0.6119782467681131,0
234,-0.3709448379209554,-0.40593203203504613,-0.48811972871951914,-0.5362113426423373,-0.74242727393369,-0.5563385795422576,-0.5193922982997424,-0.2893334595879624,0.6119782467681131,0
668,0.8295675466232267,1.0250941598777772,-0.48811972871951914,-0.5362113426423373,-0.74242727393369,-0.5563385795422576,-0.764128356870882,-0.2893334595879624,0.6119782467681131,0
516,-0.3709448379209554,0.34723964791907136,-0.48811972871951914,1.8649363049132865,1.3469332756346393,-0.5563385795422576,-0.5193922982997424,-0.2893334595879624,0.6119782467681131,1
483,0.8295675466232267,2.5314375197860124,-0.48811972871951914,-0.5362113426423373,1.3469332756346393,-0.5563385795422576,-0.6038436957294201,-0.2893334595879624,0.6119782467681131,1
641,-1.5714572224651375,-0.40593203203504613,-0.48811972871951914,1.8649363049132865,1.3469332756346393,-0.5563385795422576,1.3299774684380068,-0.2893334595879624,-1.6340450094117653,1
1,-1.5714572224651375,0.6485083199007183,-0.48811972871951914,1.8649363049132865,1.3469332756346393,0.07341192703021844,1.3583972692305246,-0.2893334595879624,-1.6340450094117653,1
491,0.8295675466232267,-0.6318835360212813,-0.48811972871951914,-0.5362113426423373,-0.74242727393369,-0.5563385795422576,-0.8586708396691465,-0.2893334595879624,0.6119782467681131,0
856,-1.5714572224651375,1.1757284958686007,-0.48811972871951914,-0.5362113426423373,1.3469332756346393,0.7031624336026945,2.206855891346425,-0.2893334595879624,0.6119782467681131,1
86,0.8295675466232267,-1.00846937599834,-0.48811972871951914,-0.5362113426423373,-0.74242727393369,1.9626634467476467,0.6284376299062636,-0.2893334595879624,0.6119782467681131,0
664,0.8295675466232267,-0.7072007040166931,-0.48811972871951914,-0.5362113426423373,-0.74242727393369,0.07341192703021844,-0.7783359785016885,-0.2893334595879624,0.6119782467681131,1
181,-0.3709448379209554,0.04597097593742438,2.0486776935308284,-0.5362113426423373,-0.74242727393369,-0.5563385795422576,-0.17885936203732491,-0.2893334595879624,-1.6340450094117653,0
638,0.8295675466232267,0.8744598238869536,-0.48811972871951914,-0.5362113426423373,1.3469332756346393,2.592413953320123,0.7713629915075374,-0.2893334595879624,0.6119782467681131,0
213,-0.3709448379209554,0.04597097593742438,-0.48811972871951914,-0.5362113426423373,-0.74242727393369,-0.5563385795422576,-0.31845046501857954,-0.2893334595879624,0.6119782467681131,0
90,0.8295675466232267,-0.02934619205798737,-0.48811972871951914,-0.5362113426423373,-0.74242727393369,-0.5563385795422576,-0.764128356870882,-0.2893334595879624,0.6119782467681131,0
374,0.8295675466232267,-1.9875925599386928,-0.48811972871951914,-0.5362113426423373,1.3469332756346393,1.9626634467476467,0.14673405261200848,-0.2893334595879624,0.6119782467681131,0
193,-0.3709448379209554,-1.9875925599386928,-0.48811972871951914,1.8649363049132865,-0.74242727393369,0.7031624336026945,0.35245740286601845,-0.2893334595879624,0.6119782467681131,1
249,-0.3709448379209554,1.8535830078273063,-0.48811972871951914,-0.5362113426423373,-0.74242727393369,0.07341192703021844,0.35245740286601845,-0.2893334595879624,0.6119782467681131,0
392,0.8295675466232267,-0.10466336005339912,-0.48811972871951914,-0.5362113426423373,-0.74242727393369,0.7031624336026945,-0.7783359785016885,-0.2893334595879624,0.6119782467681131,0
663,0.8295675466232267,0.4978739839098949,-0.48811972871951914,-0.5362113426423373,-0.74242727393369,-0.5563385795422576,-0.8286805652778512,-0.2893334595879624,0.6119782467681131,0
460,-1.5714572224651375,1.401679999854836,-0.48811972871951914,1.8649363049132865,-0.74242727393369,-0.5563385795422576,0.3730568668300722,-0.2893334595879624,0.6119782467681131,1
797,0.8295675466232267,0.12128814393283613,-0.48811972871951914,-0.5362113426423373,1.3469332756346393,-0.5563385795422576,-0.6950353656743484,-0.2893334595879624,0.6119782467681131,1
870,0.8295675466232267,-0.25529769604422264,-0.48811972871951914,-0.5362113426423373,-0.74242727393369,-0.5563385795422576,-0.7816835457620395,-0.2893334595879624,0.6119782467681131,0
176,0.8295675466232267,-0.25529769604422264,2.0486776935308284,-0.5362113426423373,-0.74242727393369,1.9626634467476467,0.3320787310803254,-0.2893334595879624,0.6119782467681131,0
803,0.8295675466232267,-2.181910853366855,-0.48811972871951914,-0.5362113426423373,-0.74242727393369,0.07341192703021844,-0.712763291917332,-0.2893334595879624,-1.6340450094117653,1
246,0.8295675466232267,-0.33061486403963436,-0.48811972871951914,-0.5362113426423373,1.3469332756346393,-0.5563385795422576,-0.7956501477165205,-0.2893334595879624,0.6119782467681131,0
475,-1.5714572224651375,0.7991426558915419,2.0486776935308284,1.8649363049132865,-0.74242727393369,-0.5563385795422576,1.041421009165468,-0.2893334595879624,0.6119782467681131,0
471,0.8295675466232267,0.6485083199007183,-0.48811972871951914,-0.5362113426423373,-0.74242727393369,-0.5563385795422576,-0.697231961108304,-0.2893334595879624,0.6119782467681131,0
121,0.8295675466232267,-0.25529769604422264,2.0486776935308284,-0.5362113426423373,-0.74242727393369,-0.5563385795422576,-0.764128356870882,-0.2893334595879624,0.6119782467681131,0
709,0.8295675466232267,-0.25529769604422264,2.0486776935308284,-0.5362113426423373,-0.74242727393369,0.7031624336026945,-0.16647295836602577,-0.2893334595879624,-1.6340450094117653,1
352,0.8295675466232267,-1.083786543993752,-0.48811972871951914,-0.5362113426423373,-0.74242727393369,0.7031624336026945,-0.861249539007615,-0.2893334595879624,-1.6340450094117653,0
20,-0.3709448379209554,0.42255681591448313,-0.48811972871951914,-0.5362113426423373,-0.74242727393369,-0.5563385795422576,0.35245740286601845,-0.2893334595879624,0.6119782467681131,0
667,0.8295675466232267,-0.25529769604422264,2.0486776935308284,-0.5362113426423373,-0.74242727393369,-0.5563385795422576,-0.7956501477165205,-0.2893334595879624,0.6119782467681131,0
139,-1.5714572224651375,-0.40593203203504613,-0.48811972871951914,1.8649363049132865,-0.74242727393369,-0.5563385795422576,1.4645633652446388,-0.2893334595879624,-1.6340450094117653,0
583,-1.5714572224651375,0.4978739839098949,-0.48811972871951914,1.8649363049132865,-0.74242727393369,-0.5563385795422576,0.7822883526373581,-0.2893334595879624,-1.6340450094117653,0
554,0.8295675466232267,-0.5565663680258697,-0.48811972871951914,-0.5362113426423373,1.3469332756346393,-0.5563385795422576,-0.7956501477165205,-0.2893334595879624,0.6119782467681131,1
660,-1.5714572224651375,1.5523143358456595,-0.48811972871951914,-0.5362113426423373,-0.74242727393369,0.7031624336026945,1.9938649820541385,-0.2893334595879624,0.6119782467681131,1
613,0.8295675466232267,-0.25529769604422264,2.0486776935308284,-0.5362113426423373,-0.74242727393369,-0.5563385795422576,-0.7985645905727,3.456219689987115,-1.6340450094117653,0
203,0.8295675466232267,1.2133870798663065,-0.48811972871951914,-0.5362113426423373,-0.74242727393369,-0.5563385795422576,-0.861771028780618,-0.2893334595879624,-1.6340450094117653,0
719,0.8295675466232267,0.27192247992365964,-0.48811972871951914,-0.5362113426423373,-0.74242727393369,-0.5563385795422576,-0.7956501477165205,-0.2893334595879624,0.6119782467681131,0
646,0.8295675466232267,-0.7825178720121049,-0.48811972871951914,-0.5362113426423373,-0.74242727393369,-0.5563385795422576,-0.7816835457620395,-0.2893334595879624,0.6119782467681131,0
228,-0.3709448379209554,-0.8578350400075166,-0.48811972871951914,-0.5362113426423373,-0.74242727393369,-0.5563385795422576,-0.31845046501857954,-0.2893334595879624,0.6119782467681131,0
208,0.8295675466232267,-1.00846937599834,-0.48811972871951914,-0.5362113426423373,1.3469332756346393,-0.5563385795422576,-0.7985645905727,3.456219689987115,-1.6340450094117653,1
740,-1.5714572224651375,0.7991426558915419,2.0486776935308284,1.8649363049132865,-0.74242727393369,-0.5563385795422576,0.4935795662441327,-0.2893334595879624,0.6119782467681131,1
839,-1.5714572224651375,0.7991426558915419,2.0486776935308284,1.8649363049132865,-0.74242727393369,-0.5563385795422576,0.4836458264232398,-0.2893334595879624,-1.6340450094117653,1
645,-1.5714572224651375,1.401679999854836,-0.48811972871951914,1.8649363049132865,-0.74242727393369,0.07341192703021844,1.4325976915194307,-0.2893334595879624,-1.6340450094117653,1
521,0.8295675466232267,-0.5565663680258697,-0.48811972871951914,-0.5362113426423373,-0.74242727393369,-0.5563385795422576,-0.7816835457620395,-0.2893334595879624,0.6119782467681131,0
782,-1.5714572224651375,-0.02934619205798737,-0.48811972871951914,1.8649363049132865,-0.74242727393369,-0.5563385795422576,0.4935795662441327,-0.2893334595879624,0.6119782467681131,0
168,-1.5714572224651375,0.7991426558915419,2.0486776935308284,-0.5362113426423373,-0.74242727393369,-0.5563385795422576,0.349615922513221,-0.2893334595879624,0.6119782467681131,0
332,-1.5714572224651375,0.6485083199007183,-0.48811972871951914,1.8649363049132865,-0.74242727393369,0.07341192703021844,2.1340904531044806,-0.2893334595879624,0.6119782467681131,0
696,0.8295675466232267,1.1004113278731888,-0.48811972871951914,-0.5362113426423373,-0.74242727393369,-0.5563385795422576,-0.764128356870882,-0.2893334595879624,0.6119782467681131,0
407,-0.3709448379209554,-1.9875925599386928,-0.48811972871951914,-0.5362113426423373,-0.74242727393369,0.7031624336026945,0.0330477309880125,-0.2893334595879624,0.6119782467681131,1
700,-1.5714572224651375,-0.8578350400075166,-0.48811972871951914,1.8649363049132865,1.3469332756346393,0.07341192703021844,2.534210660430206,-0.2893334595879624,-1.6340450094117653,1
505,-1.5714572224651375,-0.8578350400075166,-0.48811972871951914,1.8649363049132865,-0.74242727393369,0.07341192703021844,1.7863878616502307,-0.2893334595879624,-1.6340450094117653,0
768,0.8295675466232267,-0.25529769604422264,2.0486776935308284,-0.5362113426423373,-0.74242727393369,0.07341192703021844,0.2799515673067741,3.456219689987115,-1.6340450094117653,0
7,0.8295675466232267,-2.0629097279341044,-0.48811972871951914,-0.5362113426423373,-0.74242727393369,1.9626634467476467,0.14673405261200848,-0.2893334595879624,0.6119782467681131,0
737,-1.5714572224651375,0.42255681591448313,-0.48811972871951914,1.8649363049132865,-0.74242727393369,-0.5563385795422576,3.360891073504163,-0.2893334595879624,-1.6340450094117653,1
851,0.8295675466232267,3.3599263677355418,-0.48811972871951914,-0.5362113426423373,-0.74242727393369,-0.5563385795422576,-0.7956501477165205,-0.2893334595879624,0.6119782467681131,0
673,-0.3709448379209554,0.12128814393283613,-0.48811972871951914,-0.5362113426423373,-0.74242727393369,-0.5563385795422576,-0.31845046501857954,-0.2893334595879624,0.6119782467681131,1
735,0.8295675466232267,-0.06700477605569324,-0.48811972871951914,-0.5362113426423373,-0.74242727393369,-0.5563385795422576,-0.11412657086979064,-0.2893334595879624,0.6119782467681131,0
174,-1.5714572224651375,2.0042173438181297,-0.48811972871951914,1.8649363049132865,-0.74242727393369,-0.5563385795422576,0.5162540326146007,-0.2893334595879624,-1.6340450094117653,0
704,0.8295675466232267,-0.25529769604422264,-0.48811972871951914,-0.5362113426423373,-0.74242727393369,0.07341192703021844,-0.7864717099734808,-0.2893334595879624,0.6119782467681131,0
569,0.8295675466232267,0.19660531192824787,-0.48811972871951914,-0.5362113426423373,-0.74242727393369,-0.5563385795422576,-0.7864717099734808,-0.2893334595879624,0.6119782467681131,1
36,0.8295675466232267,-0.25529769604422264,2.0486776935308284,-0.5362113426423373,-0.74242727393369,-0.5563385795422576,-0.861249539007615,-0.2893334595879624,-1.6340450094117653,1
209,-1.5714572224651375,0.7991426558915419,-0.48811972871951914,1.8649363049132865,-0.74242727393369,-0.5563385795422576,0.5260112275767236,-0.2893334595879624,-1.6340450094117653,1
681,-1.5714572224651375,-0.17998052804881087,-0.48811972871951914,1.8649363049132865,-0.74242727393369,-0.5563385795422576,1.4325976915194307,-0.2893334595879624,-1.6340450094117653,1
718,0.8295675466232267,-0.25529769604422264,2.0486776935308284,-0.5362113426423373,-0.74242727393369,-0.5563385795422576,-0.15061300401178082,3.456219689987115,-1.6340450094117653,0
108,0.8295675466232267,0.6485083199007183,-0.48811972871951914,-0.5362113426423373,-0.74242727393369,-0.5563385795422576,-0.7816835457620395,-0.2893334595879624,0.6119782467681131,0
164,0.8295675466232267,-2.1382268959295163,-0.48811972871951914,-0.5362113426423373,-0.74242727393369,2.592413953320123,0.7713629915075374,-0.2893334595879624,0.6119782467681131,0
674,-0.3709448379209554,0.04597097593742438,2.0486776935308284,-0.5362113426423373,-0.74242727393369,-0.5563385795422576,-3.0142779507101043,-0.2893334595879624,0.6119782467681131,0
388,0.8295675466232267,-0.25529769604422264,2.0486776935308284,-0.5362113426423373,-0.74242727393369,-0.5563385795422576,-0.8009957601702916,3.456219689987115,-1.6340450094117653,0
755,-0.3709448379209554,-2.1630815613680023,-0.48811972871951914,-0.5362113426423373,-0.74242727393369,0.7031624336026945,-0.21447826941323297,-0.2893334595879624,0.6119782467681131,1
46,0.8295675466232267,-0.25529769604422264,2.0486776935308284,-0.5362113426423373,-0.74242727393369,0.07341192703021844,-0.15061300401178082,3.456219689987115,-1.6340450094117653,0
479,0.8295675466232267,-2.0629097279341044,-0.48811972871951914,-0.5362113426423373,1.3469332756346393,0.07341192703021844,-0.3718076752210575,-0.2893334595879624,0.6119782467681131,1
677,0.8295675466232267,-0.8578350400075166,-0.48811972871951914,-0.5362113426423373,1.3469332756346393,-0.5563385795422576,-0.5796075682778822,-0.2893334595879624,0.6119782467681131,1
765,-1.5714572224651375,1.6276315038410711,-0.48811972871951914,1.8649363049132865,1.3469332756346393,0.07341192703021844,1.4486240570234632,-0.2893334595879624,0.6119782467681131,1
361,-0.3709448379209554,-0.02934619205798737,-0.48811972871951914,-0.5362113426423373,-0.74242727393369,0.07341192703021844,0.4155712198298227,-0.2893334595879624,-1.6340450094117653,0
597,0.8295675466232267,1.4769971678502476,-0.48811972871951914,-0.5362113426423373,-0.74242727393369,-0.5563385795422576,-3.0142779507101043,-0.2893334595879624,0.6119782467681131,0
770,0.8295675466232267,-0.40593203203504613,-0.48811972871951914,-0.5362113426423373,-0.74242727393369,-0.5563385795422576,-0.612321018474603,-0.2893334595879624,0.6119782467681131,0
328,0.8295675466232267,0.12128814393283613,-0.48811972871951914,-0.5362113426423373,1.3469332756346393,0.7031624336026945,0.12096060560435033,-0.2893334595879624,0.6119782467681131,1
276,0.8295675466232267,1.1757284958686007,-0.48811972871951914,-0.5362113426423373,1.3469332756346393,-0.5563385795422576,-0.7985645905727,-0.2893334595879624,0.6119782467681131,0
636,0.8295675466232267,0.19660531192824787,-0.48811972871951914,-0.5362113426423373,-0.74242727393369,-0.5563385795422576,-0.7783359785016885,-0.2893334595879624,0.6119782467681131,0
702,0.8295675466232267,-0.8578350400075166,-0.48811972871951914,-0.5362113426423373,1.3469332756346393,0.07341192703021844,-0.2175011394684283,-0.2893334595879624,-1.6340450094117653,0
854,-0.3709448379209554,1.1004113278731888,-0.48811972871951914,-0.5362113426423373,1.3469332756346393,0.07341192703021844,0.35245740286601845,-0.2893334595879624,0.6119782467681131,0
871,-1.5714572224651375,1.326362831859424,-0.48811972871951914,1.8649363049132865,1.3469332756346393,0.7031624336026945,1.0520470904238735,-0.2893334595879624,0.6119782467681131,1
148,-0.3709448379209554,0.5355325679076007,-0.48811972871951914,1.8649363049132865,-0.74242727393369,0.7031624336026945,0.35245740286601845,-0.2893334595879624,0.6119782467681131,0
178,-0.3709448379209554,0.04597097593742438,-0.48811972871951914,-0.5362113426423373,-0.74242727393369,-0.5563385795422576,-0.31845046501857954,-0.2893334595879624,0.6119782467681131,0
717,-0.3709448379209554,-0.17998052804881087,-0.48811972871951914,1.8649363049132865,1.3469332756346393,-0.5563385795422576,-0.5193922982997424,-0.2893334595879624,0.6119782467681131,1
81,0.8295675466232267,-0.02934619205798737,-0.48811972871951914,-0.5362113426423373,-0.74242727393369,-0.5563385795422576,-0.612321018474603,-0.2893334595879624,0.6119782467681131,1
493,-1.5714572224651375,3.1339748637493066,-0.48811972871951914,-0.5362113426423373,-0.74242727393369,-0.5563385795422576,0.9921479793205206,-0.2893334595879624,-1.6340450094117653,0
820,-1.5714572224651375,1.7029486718364828,-0.48811972871951914,1.8649363049132865,1.3469332756346393,0.7031624336026945,1.6321692172428122,-0.2893334595879624,0.6119782467681131,1
678,0.8295675466232267,1.0250941598777772,-0.48811972871951914,-0.5362113426423373,1.3469332756346393,3.8519149664650754,0.9380681408554232,-0.2893334595879624,0.6119782467681131,0
287,0.8295675466232267,-0.5565663680258697,-0.48811972871951914,-0.5362113426423373,-0.74242727393369,-0.5563385795422576,-0.7816835457620395,-0.2893334595879624,0.6119782467681131,0
330,0.8295675466232267,-0.5942249520235755,2.0486776935308284,-0.5362113426423373,1.3469332756346393,0.7031624336026945,0.24272638054143414,3.456219689987115,-1.6340450094117653,1
166,-1.5714572224651375,0.42255681591448313,2.0486776935308284,1.8649363049132865,1.3469332756346393,0.07341192703021844,1.0976652062961523,-0.2893334595879624,0.6119782467681131,1
628,0.8295675466232267,-0.25529769604422264,-0.48811972871951914,-0.5362113426423373,-0.74242727393369,-0.5563385795422576,-0.7816835457620395,-0.2893334595879624,0.6119782467681131,0
729,0.8295675466232267,-0.33061486403963436,-0.48811972871951914,-0.5362113426423373,1.3469332756346393,0.07341192703021844,-0.7783359785016885,-0.2893334595879624,0.6119782467681131,0
815,-1.5714572224651375,0.7991426558915419,2.0486776935308284,1.8649363049132865,-0.74242727393369,-0.5563385795422576,-3.0142779507101043,-0.2893334595879624,0.6119782467681131,0
318,-1.5714572224651375,0.12128814393283613,-0.48811972871951914,1.8649363049132865,1.3469332756346393,0.7031624336026945,2.206855891346425,-0.2893334595879624,0.6119782467681131,1
338,0.8295675466232267,1.1757284958686007,-0.48811972871951914,-0.5362113426423373,-0.74242727393369,-0.5563385795422576,-0.764128356870882,-0.2893334595879624,0.6119782467681131,1
320,0.8295675466232267,-0.5565663680258697,-0.48811972871951914,-0.5362113426423373,-0.74242727393369,-0.5563385795422576,-0.8586708396691465,-0.2893334595879624,0.6119782467681131,0
52,-1.5714572224651375,1.4769971678502476,-0.48811972871951914,1.8649363049132865,1.3469332756346393,0.07341192703021844,1.4325976915194307,-0.2893334595879624,-1.6340450094117653,1
608,-0.3709448379209554,-0.5565663680258697,-0.48811972871951914,-0.5362113426423373,1.3469332756346393,1.3329129401751707,0.8177855330109085,-0.2893334595879624,-1.6340450094117653,1
184,0.8295675466232267,-1.912275391943281,-0.48811972871951914,-0.5362113426423373,1.3469332756346393,0.7031624336026945,0.18977527296721633,-0.2893334595879624,0.6119782467681131,1
255,0.8295675466232267,-0.02934619205798737,-0.48811972871951914,-0.5362113426423373,1.3469332756346393,0.7031624336026945,-0.16647295836602577,-0.2893334595879624,-1.6340450094117653,1
800,-0.3709448379209554,0.34723964791907136,-0.48811972871951914,-0.5362113426423373,-0.74242727393369,-0.5563385795422576,-0.31845046501857954,-0.2893334595879624,0.6119782467681131,0
862,-1.5714572224651375,1.401679999854836,-0.48811972871951914,1.8649363049132865,1.3469332756346393,-0.5563385795422576,0.34977525450318636,-0.2893334595879624,0.6119782467681131,1
41,-0.3709448379209554,-0.17998052804881087,-0.48811972871951914,-0.5362113426423373,1.3469332756346393,0.07341192703021844,0.14325754944424307,-0.2893334595879624,0.6119782467681131,0
513,-1.5714572224651375,1.8535830078273063,-0.48811972871951914,-0.5362113426423373,1.3469332756346393,0.07341192703021844,1.174929696867818,-0.2893334595879624,-1.6340450094117653,1
547,-0.3709448379209554,0.04597097593742438,2.0486776935308284,-0.5362113426423373,-0.74242727393369,-0.5563385795422576,-0.257380488871238,-0.2893334595879624,-1.6340450094117653,1
546,-0.3709448379209554,-0.7825178720121049,-0.48811972871951914,-0.5362113426423373,1.3469332756346393,0.07341192703021844,0.35245740286601845,-0.2893334595879624,0.6119782467681131,1
151,-1.5714572224651375,-0.5565663680258697,-0.48811972871951914,1.8649363049132865,1.3469332756346393,0.07341192703021844,1.2899711791443524,-0.2893334595879624,0.6119782467681131,1
331,-1.5714572224651375,1.2133870798663065,-0.48811972871951914,1.8649363049132865,-0.74242727393369,-0.5563385795422576,0.44291571910852073,-0.2893334595879624,0.6119782467681131,0
64,-1.5714572224651375,0.7991426558915419,2.0486776935308284,-0.5362113426423373,-0.74242727393369,-0.5563385795422576,0.4155712198298227,-0.2893334595879624,-1.6340450094117653,0
833,0.8295675466232267,-0.48124920003045785,-0.48811972871951914,-0.5362113426423373,-0.74242727393369,-0.5563385795422576,-0.7864717099734808,-0.2893334595879624,0.6119782467681131,0
488,0.8295675466232267,0.04597097593742438,-0.48811972871951914,-0.5362113426423373,-0.74242727393369,-0.5563385795422576,-0.764128356870882,-0.2893334595879624,0.6119782467681131,0
531,0.8295675466232267,-0.25529769604422264,2.0486776935308284,-0.5362113426423373,-0.74242727393369,-0.5563385795422576,-0.861249539007615,-0.2893334595879624,-1.6340450094117653,0
405,-0.3709448379209554,0.34723964791907136,-0.48811972871951914,-0.5362113426423373,-0.74242727393369,0.07341192703021844,0.14325754944424307,-0.2893334595879624,0.6119782467681131,0
744,0.8295675466232267,0.12128814393283613,-0.48811972871951914,-0.5362113426423373,-0.74242727393369,-0.5563385795422576,-0.7783359785016885,-0.2893334595879624,0.6119782467681131,1
201,0.8295675466232267,-0.25529769604422264,2.0486776935308284,-0.5362113426423373,-0.74242727393369,5.741166486182504,1.3336037112526762,-0.2893334595879624,0.6119782467681131,0
360,0.8295675466232267,0.7991426558915419,-0.48811972871951914,-0.5362113426423373,-0.74242727393369,2.592413953320123,0.42192501762579687,-0.2893334595879624,0.6119782467681131,0
47,0.8295675466232267,-0.5942249520235755,2.0486776935308284,-0.5362113426423373,1.3469332756346393,-0.5563385795422576,-0.7985645905727,3.456219689987115,-1.6340450094117653,1
70,-0.3709448379209554,0.19660531192824787,-0.48811972871951914,-0.5362113426423373,-0.74242727393369,-0.5563385795422576,-0.5193922982997424,-0.2893334595879624,0.6119782467681131,0
682,0.8295675466232267,-0.7072007040166931,-0.48811972871951914,-0.5362113426423373,-0.74242727393369,-0.5563385795422576,-0.6394314800991431,-0.2893334595879624,0.6119782467681131,0
377,-1.5714572224651375,-0.17998052804881087,-0.48811972871951914,1.8649363049132865,-0.74242727393369,0.7031624336026945,2.4599430691741038,-0.2893334595879624,-1.6340450094117653,0
123,-0.3709448379209554,0.23426389592595376,-0.48811972871951914,1.8649363049132865,1.3469332756346393,-0.5563385795422576,-0.31845046501857954,-0.2893334595879624,0.6119782467681131,1
194,-1.5714572224651375,1.1004113278731888,-0.48811972871951914,1.8649363049132865,1.3469332756346393,-0.5563385795422576,0.4155712198298227,-0.2893334595879624,-1.6340450094117653,1
135,-0.3709448379209554,-0.48124920003045785,-0.48811972871951914,-0.5362113426423373,-0.74242727393369,-0.5563385795422576,-0.17912670844668577,-0.2893334595879624,-1.6340450094117653,0
616,0.8295675466232267,0.34723964791907136,-0.48811972871951914,-0.5362113426423373,-0.74242727393369,0.7031624336026945,-0.2210900175969391,-0.2893334595879624,0.6119782467681131,0
543,-0.3709448379209554,0.19660531192824787,-0.48811972871951914,-0.5362113426423373,-0.74242727393369,0.07341192703021844,0.35245740286601845,-0.2893334595879624,0.6119782467681131,1
445,-1.5714572224651375,-1.912275391943281,-0.48811972871951914,1.8649363049132865,-0.74242727393369,0.7031624336026945,1.4978732269003312,-0.2893334595879624,0.6119782467681131,1
119,0.8295675466232267,-2.0629097279341044,-0.48811972871951914,-0.5362113426423373,1.3469332756346393,3.2221644598925994,0.5347523363861653,-0.2893334595879624,0.6119782467681131,0
413,-0.3709448379209554,0.04597097593742438,2.0486776935308284,-0.5362113426423373,-0.74242727393369,-0.5563385795422576,-3.0142779507101043,-0.2893334595879624,0.6119782467681131,0
343,-0.3709448379209554,-0.33061486403963436,-0.48811972871951914,-0.5362113426423373,-0.74242727393369,-0.5563385795422576,-0.31845046501857954,-0.2893334595879624,0.6119782467681131,0
89,0.8295675466232267,-0.40593203203504613,-0.48811972871951914,-0.5362113426423373,-0.74242727393369,-0.5563385795422576,-0.764128356870882,-0.2893334595879624,0.6119782467681131,0
836,0.8295675466232267,-0.6318835360212813,-0.48811972871951914,-0.5362113426423373,-0.74242727393369,-0.5563385795422576,-0.697231961108304,-0.2893334595879624,0.6119782467681131,0
439,-0.3709448379209554,0.12128814393283613,-0.48811972871951914,-0.5362113426423373,-0.74242727393369,-0.5563385795422576,-0.5193922982997424,-0.2893334595879624,0.6119782467681131,0
317,-0.3709448379209554,1.8535830078273063,-0.48811972871951914,-0.5362113426423373,-0.74242727393369,-0.5563385795422576,-0.24797345143342078,-0.2893334595879624,0.6119782467681131,0
85,0.8295675466232267,0.27192247992365964,-0.48811972871951914,-0.5362113426423373,1.3469332756346393,1.3329129401751707,-0.12917119520889705,-0.2893334595879624,0.6119782467681131,1
733,-0.3709448379209554,-0.48124920003045785,-0.48811972871951914,-0.5362113426423373,-0.74242727393369,-0.5563385795422576,-0.31845046501857954,-0.2893334595879624,0.6119782467681131,0
145,-0.3709448379209554,-0.7825178720121049,-0.48811972871951914,-0.5362113426423373,-0.74242727393369,0.7031624336026945,0.6948155713136971,-0.2893334595879624,0.6119782467681131,0
280,0.8295675466232267,2.6820718557768357,-0.48811972871951914,-0.5362113426423373,-0.74242727393369,-0.5563385795422576,-0.7985645905727,3.456219689987115,-1.6340450094117653,0
490,0.8295675466232267,-0.25529769604422264,2.0486776935308284,-0.5362113426423373,-0.74242727393369,0.07341192703021844,0.09411570611007708,-0.2893334595879624,0.6119782467681131,0
865,-0.3709448379209554,0.9497769918823654,-0.48811972871951914,-0.5362113426423373,1.3469332756346393,-0.5563385795422576,-0.31845046501857954,-0.2893334595879624,0.6119782467681131,1
144,-0.3709448379209554,-0.8578350400075166,-0.48811972871951914,-0.5362113426423373,-0.74242727393369,-0.5563385795422576,-0.4342170235315178,-0.2893334595879624,0.6119782467681131,0
221,-0.3709448379209554,-0.17998052804881087,-0.48811972871951914,-0.5362113426423373,-0.74242727393369,-0.5563385795422576,-0.31845046501857954,-0.2893334595879624,0.6119782467681131,0
124,-1.5714572224651375,1.8535830078273063,-0.48811972871951914,1.8649363049132865,-0.74242727393369,0.07341192703021844,1.4399086052939407,-0.2893334595879624,0.6119782467681131,0
524,0.8295675466232267,-0.25529769604422264,2.0486776935308284,-0.5362113426423373,-0.74242727393369,-0.5563385795422576,-0.861249539007615,-0.2893334595879624,-1.6340450094117653,0
110,-1.5714572224651375,1.326362831859424,-0.48811972871951914,1.8649363049132865,-0.74242727393369,-0.5563385795422576,1.041421009165468,-0.2893334595879624,0.6119782467681131,0
59,0.8295675466232267,-1.3850552159753988,-0.48811972871951914,-0.5362113426423373,-0.74242727393369,3.8519149664650754,0.9380681408554232,-0.2893334595879624,0.6119782467681131,0
120,-0.3709448379209554,-0.6318835360212813,-0.48811972871951914,-0.5362113426423373,-0.74242727393369,0.7031624336026945,1.3892530514767543,-0.2893334595879624,0.6119782467681131,0
242,-0.3709448379209554,-0.02934619205798737,-0.48811972871951914,-0.5362113426423373,-0.74242727393369,-0.5563385795422576,-0.5193922982997424,-0.2893334595879624,0.6119782467681131,0
811,0.8295675466232267,0.7238254878961301,-0.48811972871951914,-0.5362113426423373,-0.74242727393369,-0.5563385795422576,0.2799515673067741,-0.2893334595879624,0.6119782467681131,0
885,0.8295675466232267,0.7238254878961301,-0.48811972871951914,-0.5362113426423373,1.3469332756346393,2.592413953320123,0.46433183952503365,3.456219689987115,-1.6340450094117653,0
605,0.8295675466232267,0.4978739839098949,-0.48811972871951914,-0.5362113426423373,-0.74242727393369,0.07341192703021844,-0.14752219521452672,-0.2893334595879624,0.6119782467681131,0
307,-1.5714572224651375,-0.9331522080029284,-0.48811972871951914,1.8649363049132865,1.3469332756346393,0.07341192703021844,1.7863878616502307,-0.2893334595879624,-1.6340450094117653,1
158,0.8295675466232267,-0.25529769604422264,2.0486776935308284,-0.5362113426423373,-0.74242727393369,-0.5563385795422576,-0.697231961108304,-0.2893334595879624,0.6119782467681131,0
542,0.8295675466232267,-1.3850552159753988,-0.48811972871951914,-0.5362113426423373,1.3469332756346393,3.2221644598925994,0.5347523363861653,-0.2893334595879624,0.6119782467681131,0
132,0.8295675466232267,1.326362831859424,-0.48811972871951914,-0.5362113426423373,1.3469332756346393,0.07341192703021844,-0.21447826941323297,-0.2893334595879624,0.6119782467681131,0
284,-1.5714572224651375,0.7991426558915419,2.0486776935308284,1.8649363049132865,-0.74242727393369,-0.5563385795422576,0.35245740286601845,-0.2893334595879624,0.6119782467681131,0
25,0.8295675466232267,0.6485083199007183,-0.48811972871951914,-0.5362113426423373,1.3469332756346393,3.2221644598925994,0.5383067972520411,-0.2893334595879624,0.6119782467681131,1
303,-0.3709448379209554,-0.02934619205798737,2.0486776935308284,1.8649363049132865,1.3469332756346393,-0.5563385795422576,-0.36701408815999026,3.456219689987115,-1.6340450094117653,1
887,-1.5714572224651375,-0.7825178720121049,-0.48811972871951914,1.8649363049132865,1.3469332756346393,-0.5563385795422576,0.4935795662441327,-0.2893334595879624,0.6119782467681131,1
556,-1.5714572224651375,1.401679999854836,-0.48811972871951914,1.8649363049132865,1.3469332756346393,0.07341192703021844,0.7691638269807229,-0.2893334595879624,-1.6340450094117653,1
778,0.8295675466232267,-0.25529769604422264,2.0486776935308284,-0.5362113426423373,-0.74242727393369,-0.5563385795422576,-0.8000249361082834,3.456219689987115,-1.6340450094117653,0
31,-1.5714572224651375,0.42255681591448313,2.0486776935308284,1.8649363049132865,1.3469332756346393,0.07341192703021844,2.0871191408099006,-0.2893334595879624,-1.6340450094117653,1
263,-1.5714572224651375,0.7991426558915419,-0.48811972871951914,1.8649363049132865,-0.74242727393369,-0.5563385795422576,-3.0142779507101043,-0.2893334595879624,0.6119782467681131,0
805,0.8295675466232267,0.12128814393283613,-0.48811972871951914,-0.5362113426423373,-0.74242727393369,-0.5563385795422576,-0.7956501477165205,-0.2893334595879624,0.6119782467681131,0
24,0.8295675466232267,-1.611006719961634,-0.48811972871951914,-0.5362113426423373,1.3469332756346393,1.9626634467476467,0.14673405261200848,-0.2893334595879624,0.6119782467681131,0
207,0.8295675466232267,-0.25529769604422264,-0.48811972871951914,-0.5362113426423373,-0.74242727393369,-0.5563385795422576,0.03498547079416979,-0.2893334595879624,-1.6340450094117653,1
655,-0.3709448379209554,-0.40593203203504613,-0.48811972871951914,-0.5362113426423373,-0.74242727393369,0.7031624336026945,1.3892530514767543,-0.2893334595879624,0.6119782467681131,0
60,0.8295675466232267,-0.5565663680258697,-0.48811972871951914,-0.5362113426423373,-0.74242727393369,-0.5563385795422576,-0.861249539007615,-0.2893334595879624,-1.6340450094117653,0
750,-0.3709448379209554,-1.912275391943281,-0.48811972871951914,-0.5362113426423373,1.3469332756346393,0.7031624336026945,0.2321406741207001,-0.2893334595879624,0.6119782467681131,1
187,-1.5714572224651375,1.1757284958686007,-0.48811972871951914,-0.5362113426423373,-0.74242727393369,-0.5563385795422576,0.3730568668300722,-0.2893334595879624,0.6119782467681131,1
380,-1.5714572224651375,0.9497769918823654,-0.48811972871951914,-0.5362113426423373,1.3469332756346393,-0.5563385795422576,2.534210660430206,-0.2893334595879624,-1.6340450094117653,1
632,-1.5714572224651375,0.19660531192824787,-0.48811972871951914,1.8649363049132865,-0.74242727393369,-0.5563385795422576,0.5099240993841044,-0.2893334595879624,-1.6340450094117653,1
222,0.8295675466232267,1.6276315038410711,-0.48811972871951914,-0.5362113426423373,-0.74242727393369,-0.5563385795422576,-0.764128356870882,-0.2893334595879624,0.6119782467681131,0
111,0.8295675466232267,-1.1214451279914577,-0.48811972871951914,-0.5362113426423373,1.3469332756346393,0.07341192703021844,-0.2175011394684283,-0.2893334595879624,-1.6340450094117653,0
611,0.8295675466232267,-0.25529769604422264,2.0486776935308284,-0.5362113426423373,-0.74242727393369,-0.5563385795422576,-0.8837398653409246,-0.2893334595879624,0.6119782467681131,0
620,0.8295675466232267,-0.17998052804881087,-0.48811972871951914,-0.5362113426423373,-0.74242727393369,0.07341192703021844,-0.2175011394684283,-0.2893334595879624,-1.6340450094117653,0
711,-1.5714572224651375,0.7991426558915419,2.0486776935308284,1.8649363049132865,-0.74242727393369,-0.5563385795422576,0.3730568668300722,-0.2893334595879624,0.6119782467681131,0
787,0.8295675466232267,-1.611006719961634,-0.48811972871951914,-0.5362113426423373,-0.74242727393369,2.592413953320123,0.46433183952503365,3.456219689987115,-1.6340450094117653,0
217,-0.3709448379209554,0.9497769918823654,-0.48811972871951914,-0.5362113426423373,-0.74242727393369,0.07341192703021844,0.3896073706387861,-0.2893334595879624,0.6119782467681131,0
319,-1.5714572224651375,0.7991426558915419,-0.48811972871951914,1.8649363049132865,1.3469332756346393,0.7031624336026945,2.0002931713138046,-0.2893334595879624,-1.6340450094117653,1
233,0.8295675466232267,-1.8369582239478695,-0.48811972871951914,-0.5362113426423373,1.3469332756346393,3.2221644598925994,0.5383067972520411,-0.2893334595879624,0.6119782467681131,1
606,0.8295675466232267,0.04597097593742438,-0.48811972871951914,-0.5362113426423373,-0.74242727393369,-0.5563385795422576,-0.7816835457620395,-0.2893334595879624,0.6119782467681131,0
274,0.8295675466232267,-0.5942249520235755,2.0486776935308284,-0.5362113426423373,1.3469332756346393,-0.5563385795422576,-0.7985645905727,3.456219689987115,-1.6340450094117653,1
171,0.8295675466232267,-1.912275391943281,-0.48811972871951914,-0.5362113426423373,-0.74242727393369,2.592413953320123,0.46433183952503365,3.456219689987115,-1.6340450094117653,0
831,-0.3709448379209554,-2.1510308144887365,-0.48811972871951914,-0.5362113426423373,-0.74242727393369,0.7031624336026945,0.0330477309880125,-0.2893334595879624,0.6119782467681131,1
426,-0.3709448379209554,-0.10466336005339912,-0.48811972871951914,-0.5362113426423373,1.3469332756346393,0.07341192703021844,0.35245740286601845,-0.2893334595879624,0.6119782467681131,1
378,0.8295675466232267,-0.7072007040166931,-0.48811972871951914,-0.5362113426423373,-0.74242727393369,-0.5563385795422576,-1.3676679773848233,-0.2893334595879624,-1.6340450094117653,0
26,0.8295675466232267,-0.25529769604422264,2.0486776935308284,-0.5362113426423373,-0.74242727393369,-0.5563385795422576,-0.861771028780618,-0.2893334595879624,-1.6340450094117653,0
793,-1.5714572224651375,0.7991426558915419,2.0486776935308284,-0.5362113426423373,-0.74242727393369,-0.5563385795422576,0.5162540326146007,-0.2893334595879624,-1.6340450094117653,0
163,0.8295675466232267,-0.9331522080029284,-0.48811972871951914,-0.5362113426423373,-0.74242727393369,-0.5563385795422576,-0.697231961108304,-0.2893334595879624,0.6119782467681131,0
584,0.8295675466232267,-0.25529769604422264,2.0486776935308284,-0.5362113426423373,-0.74242727393369,-0.5563385795422576,-0.6919596318394629,-0.2893334595879624,-1.6340450094117653,0
231,0.8295675466232267,-0.02934619205798737,-0.48811972871951914,-0.5362113426423373,-0.74242727393369,-0.5563385795422576,-0.7956501477165205,-0.2893334595879624,0.6119782467681131,0
590,0.8295675466232267,0.42255681591448313,-0.48811972871951914,-0.5362113426423373,-0.74242727393369,-0.5563385795422576,-0.8742667384566916,-0.2893334595879624,0.6119782467681131,0
813,0.8295675466232267,-1.7616410559524576,-0.48811972871951914,-0.5362113426423373,1.3469332756346393,3.2221644598925994,0.5347523363861653,-0.2893334595879624,0.6119782467681131,0
44,0.8295675466232267,-0.7825178720121049,-0.48811972871951914,-0.5362113426423373,1.3469332756346393,-0.5563385795422576,-0.783591517216028,3.456219689987115,-1.6340450094117653,1
623,0.8295675466232267,-0.6318835360212813,-0.48811972871951914,-0.5362113426423373,-0.74242727393369,-0.5563385795422576,-0.7864717099734808,-0.2893334595879624,0.6119782467681131,0
876,0.8295675466232267,-0.7072007040166931,-0.48811972871951914,-0.5362113426423373,-0.74242727393369,-0.5563385795422576,-0.579221336825168,-0.2893334595879624,0.6119782467681131,0
535,-0.3709448379209554,-1.686323887957046,-0.48811972871951914,-0.5362113426423373,1.3469332756346393,0.7031624336026945,0.36187232230682326,-0.2893334595879624,0.6119782467681131,1
400,0.8295675466232267,0.7238254878961301,-0.48811972871951914,-0.5362113426423373,-0.74242727393369,-0.5563385795422576,-0.7783359785016885,-0.2893334595879624,0.6119782467681131,1
73,0.8295675466232267,-0.25529769604422264,-0.48811972871951914,-0.5362113426423373,-0.74242727393369,0.07341192703021844,-0.2175011394684283,-0.2893334595879624,-1.6340450094117653,0
362,0.8295675466232267,1.1757284958686007,-0.48811972871951914,-0.5362113426423373,1.3469332756346393,0.07341192703021844,-0.2175011394684283,-0.2893334595879624,-1.6340450094117653,0
548,0.8295675466232267,0.27192247992365964,-0.48811972871951914,-0.5362113426423373,-0.74242727393369,0.7031624336026945,0.12096060560435033,-0.2893334595879624,0.6119782467681131,0
340,-0.3709448379209554,-2.0629097279341044,-0.48811972871951914,1.8649363049132865,-0.74242727393369,0.7031624336026945,0.35245740286601845,-0.2893334595879624,0.6119782467681131,1
849,-1.5714572224651375,0.42255681591448313,2.0486776935308284,1.8649363049132865,1.3469332756346393,0.07341192703021844,1.5835115013154417,-0.2893334595879624,-1.6340450094117653,1
617,0.8295675466232267,-0.25529769604422264,-0.48811972871951914,-0.5362113426423373,1.3469332756346393,0.07341192703021844,-0.11412657086979064,-0.2893334595879624,0.6119782467681131,0
838,0.8295675466232267,0.19660531192824787,-0.48811972871951914,-0.5362113426423373,-0.74242727393369,-0.5563385795422576,1.12459246563794,-0.2893334595879624,0.6119782467681131,1
269,-1.5714572224651375,0.42255681591448313,-0.48811972871951914,1.8649363049132865,1.3469332756346393,-0.5563385795422576,2.008801396566028,-0.2893334595879624,0.6119782467681131,1
423,0.8295675466232267,-0.10466336005339912,-0.48811972871951914,-0.5362113426423373,1.3469332756346393,0.7031624336026945,-0.2210900175969391,-0.2893334595879624,0.6119782467681131,0
13,0.8295675466232267,0.7238254878961301,-0.48811972871951914,-0.5362113426423373,-0.74242727393369,3.2221644598925994,0.5347523363861653,-0.2893334595879624,0.6119782467681131,0
355,0.8295675466232267,-0.10466336005339912,-0.48811972871951914,-0.5362113426423373,-0.74242727393369,-0.5563385795422576,-0.612321018474603,-0.2893334595879624,0.6119782467681131,0
273,-1.5714572224651375,0.5731911519053067,-0.48811972871951914,1.8649363049132865,-0.74242727393369,0.07341192703021844,0.4836458264232398,-0.2893334595879624,-1.6340450094117653,0
425,0.8295675466232267,-0.25529769604422264,2.0486776935308284,-0.5362113426423373,-0.74242727393369,-0.5563385795422576,-0.8586708396691465,-0.2893334595879624,0.6119782467681131,0
850,0.8295675466232267,-1.912275391943281,-0.48811972871951914,-0.5362113426423373,-0.74242727393369,3.2221644598925994,0.5347523363861653,-0.2893334595879624,0.6119782467681131,0
97,-1.5714572224651375,-0.48124920003045785,-0.48811972871951914,1.8649363049132865,-0.74242727393369,0.07341192703021844,1.2397719828144003,-0.2893334595879624,-1.6340450094117653,1
465,0.8295675466232267,0.6485083199007183,-0.48811972871951914,-0.5362113426423373,-0.74242727393369,-0.5563385795422576,-0.8837398653409246,-0.2893334595879624,0.6119782467681131,0
784,0.8295675466232267,-0.33061486403963436,-0.48811972871951914,-0.5362113426423373,-0.74242727393369,-0.5563385795422576,-0.8837398653409246,-0.2893334595879624,0.6119782467681131,0
66,-0.3709448379209554,-0.02934619205798737,-0.48811972871951914,1.8649363049132865,1.3469332756346393,-0.5563385795422576,-0.5193922982997424,-0.2893334595879624,0.6119782467681131,1
6,-1.5714572224651375,1.8535830078273063,-0.48811972871951914,1.8649363049132865,-0.74242727393369,-0.5563385795422576,1.0387674176839135,-0.2893334595879624,0.6119782467681131,0
247,-0.3709448379209554,-0.40593203203504613,-0.48811972871951914,-0.5362113426423373,1.3469332756346393,0.7031624336026945,-0.21447826941323297,-0.2893334595879624,0.6119782467681131,1
313,0.8295675466232267,-0.10466336005339912,-0.48811972871951914,-0.5362113426423373,-0.74242727393369,-0.5563385795422576,-0.7816835457620395,-0.2893334595879624,0.6119782467681131,0
533,0.8295675466232267,-0.5942249520235755,2.0486776935308284,-0.5362113426423373,1.3469332756346393,0.7031624336026945,0.2044562315283493,-0.2893334595879624,-1.6340450094117653,1
14,0.8295675466232267,-1.1591037119891636,-0.48811972871951914,-0.5362113426423373,1.3469332756346393,-0.5563385795422576,-0.7864717099734808,-0.2893334595879624,0.6119782467681131,0
272,-0.3709448379209554,0.8744598238869536,-0.48811972871951914,-0.5362113426423373,1.3469332756346393,0.07341192703021844,0.07112089044419076,-0.2893334595879624,0.6119782467681131,1
538,0.8295675466232267,-0.25529769604422264,2.0486776935308284,-0.5362113426423373,-0.74242727393369,-0.5563385795422576,-0.21447826941323297,-0.2893334595879624,0.6119782467681131,0
526,-0.3709448379209554,1.5523143358456595,-0.48811972871951914,-0.5362113426423373,1.3469332756346393,-0.5563385795422576,-0.5193922982997424,-0.2893334595879624,0.6119782467681131,1
568,0.8295675466232267,-0.25529769604422264,2.0486776935308284,-0.5362113426423373,-0.74242727393369,-0.5563385795422576,-0.861249539007615,-0.2893334595879624,-1.6340450094117653,0
408,0.8295675466232267,-0.6318835360212813,-0.48811972871951914,-0.5362113426423373,-0.74242727393369,-0.5563385795422576,-0.7956501477165205,-0.2893334595879624,0.6119782467681131,0
539,-1.5714572224651375,-0.5565663680258697,-0.48811972871951914,1.8649363049132865,1.3469332756346393,0.7031624336026945,0.9920630254587849,-0.2893334595879624,-1.6340450094117653,1
514,0.8295675466232267,-0.40593203203504613,-0.48811972871951914,-0.5362113426423373,-0.74242727393369,-0.5563385795422576,-0.8286805652778512,-0.2893334595879624,0.6119782467681131,0
56,-0.3709448379209554,-0.6318835360212813,-0.48811972871951914,-0.5362113426423373,1.3469332756346393,-0.5563385795422576,-0.5193922982997424,-0.2893334595879624,0.6119782467681131,1
631,0.8295675466232267,1.6276315038410711,-0.48811972871951914,-0.5362113426423373,-0.74242727393369,-0.5563385795422576,-0.883207041789855,-0.2893334595879624,0.6119782467681131,0
600,-0.3709448379209554,-0.40593203203504613,-0.48811972871951914,-0.5362113426423373,1.3469332756346393,1.3329129401751707,0.3896073706387861,-0.2893334595879624,0.6119782467681131,1
191,-0.3709448379209554,-0.7825178720121049,-0.48811972871951914,-0.5362113426423373,-0.74242727393369,-0.5563385795422576,-0.31845046501857954,-0.2893334595879624,0.6119782467681131,0
112,0.8295675466232267,-0.5565663680258697,-0.48811972871951914,-0.5362113426423373,-0.74242727393369,-0.5563385795422576,-0.764128356870882,-0.2893334595879624,0.6119782467681131,0
170,-1.5714572224651375,2.3808031837951886,-0.48811972871951914,1.8649363049132865,-0.74242727393369,-0.5563385795422576,0.6028528195589654,-0.2893334595879624,0.6119782467681131,0
464,0.8295675466232267,-0.25529769604422264,2.0486776935308284,-0.5362113426423373,-0.74242727393369,-0.5563385795422576,-0.764128356870882,-0.2893334595879624,0.6119782467681131,0
687,0.8295675466232267,-0.7825178720121049,-0.48811972871951914,-0.5362113426423373,-0.74242727393369,-0.5563385795422576,-0.5490608793579014,-0.2893334595879624,0.6119782467681131,0
95,0.8295675466232267,-0.25529769604422264,2.0486776935308284,-0.5362113426423373,-0.74242727393369,-0.5563385795422576,-0.764128356870882,-0.2893334595879624,0.6119782467681131,0
289,0.8295675466232267,-0.5565663680258697,-0.48811972871951914,-0.5362113426423373,1.3469332756346393,-0.5563385795422576,-0.7985645905727,3.456219689987115,-1.6340450094117653,1
508,0.8295675466232267,-0.10466336005339912,-0.48811972871951914,-0.5362113426423373,-0.74242727393369,-0.5563385795422576,0.21172051067965542,-0.2893334595879624,0.6119782467681131,0
774,-0.3709448379209554,1.8535830078273063,-0.48811972871951914,-0.5362113426423373,1.3469332756346393,1.9626634467476467,0.2321406741207001,-0.2893334595879624,0.6119782467681131,1
761,0.8295675466232267,0.8744598238869536,-0.48811972871951914,-0.5362113426423373,-0.74242727393369,-0.5563385795422576,-0.8742667384566916,-0.2893334595879624,0.6119782467681131,0
57,0.8295675466232267,-0.06700477605569324,-0.48811972871951914,-0.5362113426423373,-0.74242727393369,-0.5563385795422576,-0.861249539007615,-0.2893334595879624,-1.6340450094117653,0
420,0.8295675466232267,-0.25529769604422264,2.0486776935308284,-0.5362113426423373,-0.74242727393369,-0.5563385795422576,-0.7816835457620395,-0.2893334595879624,-1.6340450094117653,0
861,-0.3709448379209554,-0.6318835360212813,-0.48811972871951914,-0.5362113426423373,-0.74242727393369,0.07341192703021844,-0.4342170235315178,-0.2893334595879624,0.6119782467681131,0
670,-0.3709448379209554,0.7991426558915419,-0.48811972871951914,-0.5362113426423373,1.3469332756346393,0.7031624336026945,0.7539549376799682,-0.2893334595879624,0.6119782467681131,1
265,-0.3709448379209554,0.4978739839098949,-0.48811972871951914,-0.5362113426423373,-0.74242727393369,-0.5563385795422576,-0.5193922982997424,-0.2893334595879624,0.6119782467681131,0
53,-0.3709448379209554,-0.02934619205798737,-0.48811972871951914,-0.5362113426423373,1.3469332756346393,0.07341192703021844,0.35245740286601845,-0.2893334595879624,0.6119782467681131,1
830,0.8295675466232267,-1.083786543993752,-0.48811972871951914,-0.5362113426423373,1.3469332756346393,0.07341192703021844,-0.2175011394684283,-0.2893334595879624,-1.6340450094117653,1
525,0.8295675466232267,0.8368012398892477,-0.48811972871951914,-0.5362113426423373,-0.74242727393369,-0.5563385795422576,-0.7985645905727,3.456219689987115,-1.6340450094117653,0
510,0.8295675466232267,-0.02934619205798737,-0.48811972871951914,-0.5362113426423373,-0.74242727393369,-0.5563385795422576,-0.7985645905727,3.456219689987115,-1.6340450094117653,1
506,-0.3709448379209554,0.27192247992365964,-0.48811972871951914,-0.5362113426423373,1.3469332756346393,0.7031624336026945,0.35245740286601845,-0.2893334595879624,0.6119782467681131,1
372,0.8295675466232267,-0.7825178720121049,-0.48811972871951914,-0.5362113426423373,-0.74242727393369,-0.5563385795422576,-0.764128356870882,-0.2893334595879624,0.6119782467681131,0
812,-0.3709448379209554,0.42255681591448313,-0.48811972871951914,-0.5362113426423373,-0.74242727393369,-0.5563385795422576,-0.5193922982997424,-0.2893334595879624,0.6119782467681131,0
311,-1.5714572224651375,-0.8578350400075166,-0.48811972871951914,1.8649363049132865,1.3469332756346393,1.9626634467476467,2.679197120304331,-0.2893334595879624,-1.6340450094117653,1
49,0.8295675466232267,-0.8578350400075166,-0.48811972871951914,-0.5362113426423373,1.3469332756346393,0.07341192703021844,-0.01730933618531491,-0.2893334595879624,0.6119782467681131,0
602,-1.5714572224651375,0.7991426558915419,2.0486776935308284,-0.5362113426423373,-0.74242727393369,-0.5563385795422576,0.8372898348603162,-0.2893334595879624,0.6119782467681131,0
629,0.8295675466232267,-0.25529769604422264,2.0486776935308284,-0.5362113426423373,-0.74242727393369,-0.5563385795422576,-0.8005160811618522,3.456219689987115,-1.6340450094117653,0
589,0.8295675466232267,-0.25529769604422264,2.0486776935308284,-0.5362113426423373,-0.74242727393369,-0.5563385795422576,-0.764128356870882,-0.2893334595879624,0.6119782467681131,0
102,-1.5714572224651375,-0.6318835360212813,-0.48811972871951914,1.8649363049132865,-0.74242727393369,0.07341192703021844,1.4399086052939407,-0.2893334595879624,0.6119782467681131,0
653,0.8295675466232267,-0.5942249520235755,2.0486776935308284,-0.5362113426423373,1.3469332756346393,-0.5563385795422576,-0.7893600465171675,3.456219689987115,-1.6340450094117653,1
581,-1.5714572224651375,0.7238254878961301,-0.48811972871951914,1.8649363049132865,1.3469332756346393,0.7031624336026945,1.80465810851602,-0.2893334595879624,-1.6340450094117653,1
640,0.8295675466232267,-0.7072007040166931,-0.48811972871951914,-0.5362113426423373,-0.74242727393369,-0.5563385795422576,-0.7864717099734808,-0.2893334595879624,0.6119782467681131,0
487,-1.5714572224651375,2.1548516798089534,-0.48811972871951914,1.8649363049132865,-0.74242727393369,-0.5563385795422576,0.4836458264232398,-0.2893334595879624,-1.6340450094117653,0
599,-1.5714572224651375,1.4769971678502476,-0.48811972871951914,1.8649363049132865,-0.74242727393369,0.07341192703021844,1.1322636837783133,-0.2893334595879624,-1.6340450094117653,1
448,0.8295675466232267,-1.8369582239478695,-0.48811972871951914,-0.5362113426423373,1.3469332756346393,1.3329129401751707,0.05900545724110195,-0.2893334595879624,-1.6340450094117653,1
558,-1.5714572224651375,0.7238254878961301,-0.48811972871951914,1.8649363049132865,1.3469332756346393,0.7031624336026945,1.4702790181753362,-0.2893334595879624,0.6119782467681131,1
500,0.8295675466232267,-0.9331522080029284,-0.48811972871951914,-0.5362113426423373,-0.74242727393369,-0.5563385795422576,-0.697231961108304,-0.2893334595879624,0.6119782467681131,0
54,-1.5714572224651375,2.6820718557768357,-0.48811972871951914,1.8649363049132865,-0.74242727393369,0.07341192703021844,1.2176446184054075,-0.2893334595879624,-1.6340450094117653,0
334,-1.5714572224651375,0.42255681591448313,2.0486776935308284,-0.5362113426423373,1.3469332756346393,0.07341192703021844,1.9938649820541385,-0.2893334595879624,0.6119782467681131,1
306,-1.5714572224651375,0.42255681591448313,2.0486776935308284,-0.5362113426423373,1.3469332756346393,-0.5563385795422576,1.80465810851602,-0.2893334595879624,-1.6340450094117653,1
37,0.8295675466232267,-0.6318835360212813,-0.48811972871951914,-0.5362113426423373,-0.74242727393369,-0.5563385795422576,-0.764128356870882,-0.2893334595879624,0.6119782467681131,0
867,-1.5714572224651375,0.12128814393283613,-0.48811972871951914,1.8649363049132865,-0.74242727393369,-0.5563385795422576,1.0120099938982368,-0.2893334595879624,0.6119782467681131,0
579,0.8295675466232267,0.19660531192824787,-0.48811972871951914,-0.5362113426423373,-0.74242727393369,-0.5563385795422576,-0.7783359785016885,-0.2893334595879624,0.6119782467681131,1
795,-0.3709448379209554,0.7238254878961301,-0.48811972871951914,-0.5362113426423373,-0.74242727393369,-0.5563385795422576,-0.31845046501857954,-0.2893334595879624,0.6119782467681131,0
12,0.8295675466232267,-0.7072007040166931,-0.48811972871951914,-0.5362113426423373,-0.74242727393369,-0.5563385795422576,-0.764128356870882,-0.2893334595879624,0.6119782467681131,0
21,-0.3709448379209554,0.34723964791907136,-0.48811972871951914,1.8649363049132865,-0.74242727393369,-0.5563385795422576,-0.31845046501857954,-0.2893334595879624,0.6119782467681131,1
662,-1.5714572224651375,1.326362831859424,-0.48811972871951914,1.8649363049132865,-0.74242727393369,-0.5563385795422576,0.33673053266625874,-0.2893334595879624,0.6119782467681131,0
512,-1.5714572224651375,0.4978739839098949,-0.48811972871951914,1.8649363049132865,-0.74242727393369,-0.5563385795422576,0.36327710574366096,-0.2893334595879624,0.6119782467681131,1
624,0.8295675466232267,-0.6318835360212813,-0.48811972871951914,-0.5362113426423373,-0.74242727393369,-0.5563385795422576,-0.11412657086979064,-0.2893334595879624,0.6119782467681131,0
454,0.8295675466232267,-0.25529769604422264,2.0486776935308284,-0.5362113426423373,-0.74242727393369,-0.5563385795422576,-0.764128356870882,-0.2893334595879624,0.6119782467681131,0
335,0.8295675466232267,-0.25529769604422264,2.0486776935308284,-0.5362113426423373,-0.74242727393369,-0.5563385795422576,-0.7816835457620395,-0.2893334595879624,0.6119782467681131,0
534,0.8295675466232267,0.04597097593742438,-0.48811972871951914,-0.5362113426423373,1.3469332756346393,-0.5563385795422576,-0.697231961108304,-0.2893334595879624,0.6119782467681131,0
76,0.8295675466232267,-0.25529769604422264,2.0486776935308284,-0.5362113426423373,-0.74242727393369,-0.5563385795422576,-0.7816835457620395,-0.2893334595879624,0.6119782467681131,0
522,0.8295675466232267,-0.25529769604422264,2.0486776935308284,-0.5362113426423373,-0.74242727393369,-0.5563385795422576,-0.861771028780618,-0.2893334595879624,-1.6340450094117653,0
103,0.8295675466232267,0.27192247992365964,-0.48811972871951914,-0.5362113426423373,-0.74242727393369,-0.5563385795422576,-0.6981098073455553,-0.2893334595879624,0.6119782467681131,0
309,-1.5714572224651375,0.04597097593742438,-0.48811972871951914,1.8649363049132865,1.3469332756346393,-0.5563385795422576,1.1322636837783133,-0.2893334595879624,-1.6340450094117653,1
183,-0.3709448379209554,-2.1382268959295163,-0.48811972871951914,1.8649363049132865,-0.74242727393369,1.3329129401751707,0.7539549376799682,-0.2893334595879624,0.6119782467681131,1
404,0.8295675466232267,-0.7072007040166931,-0.48811972871951914,-0.5362113426423373,1.3469332756346393,-0.5563385795422576,-0.697231961108304,-0.2893334595879624,0.6119782467681131,0
416,-0.3709448379209554,0.34723964791907136,-0.48811972871951914,-0.5362113426423373,1.3469332756346393,0.7031624336026945,0.5728061967326014,-0.2893334595879624,0.6119782467681131,1
339,-1.5714572224651375,1.1757284958686007,-0.48811972871951914,-0.5362113426423373,-0.74242727393369,-0.5563385795422576,0.6604179938919229,-0.2893334595879624,0.6119782467681131,0
327,-0.3709448379209554,0.4978739839098949,-0.48811972871951914,1.8649363049132865,1.3469332756346393,-0.5563385795422576,-0.31845046501857954,-0.2893334595879624,0.6119782467681131,1
528,0.8295675466232267,0.7238254878961301,-0.48811972871951914,-0.5362113426423373,-0.74242727393369,-0.5563385795422576,-0.7783359785016885,-0.2893334595879624,0.6119782467681131,0
622,0.8295675466232267,-0.7072007040166931,-0.48811972871951914,-0.5362113426423373,-0.74242727393369,0.7031624336026945,-0.13575794621029133,-0.2893334595879624,-1.6340450094117653,1
843,0.8295675466232267,0.38489823191677724,-0.48811972871951914,-0.5362113426423373,-0.74242727393369,-0.5563385795422576,-0.964579550599786,-0.2893334595879624,-1.6340450094117653,0
200,0.8295675466232267,-0.10466336005339912,-0.48811972871951914,-0.5362113426423373,-0.74242727393369,-0.5563385795422576,-0.612321018474603,-0.2893334595879624,0.6119782467681131,0
301,0.8295675466232267,-0.25529769604422264,2.0486776935308284,-0.5362113426423373,-0.74242727393369,0.7031624336026945,0.24272638054143414,3.456219689987115,-1.6340450094117653,1
304,0.8295675466232267,-0.25529769604422264,2.0486776935308284,-0.5362113426423373,-0.74242727393369,-0.5563385795422576,-0.764128356870882,-0.2893334595879624,0.6119782467681131,0
419,0.8295675466232267,-1.4603723839708107,-0.48811972871951914,-0.5362113426423373,1.3469332756346393,0.7031624336026945,0.2799515673067741,-0.2893334595879624,0.6119782467681131,0
852,0.8295675466232267,-1.5356895519662224,-0.48811972871951914,-0.5362113426423373,1.3469332756346393,0.7031624336026945,-0.16647295836602577,-0.2893334595879624,-1.6340450094117653,0
101,0.8295675466232267,-0.25529769604422264,2.0486776935308284,-0.5362113426423373,-0.74242727393369,-0.5563385795422576,-0.7816835457620395,-0.2893334595879624,0.6119782467681131,0
227,0.8295675466232267,-0.6695421200189873,-0.48811972871951914,-0.5362113426423373,-0.74242727393369,-0.5563385795422576,-0.8586708396691465,-0.2893334595879624,0.6119782467681131,0
669,-1.5714572224651375,0.42255681591448313,2.0486776935308284,1.8649363049132865,1.3469332756346393,0.07341192703021844,1.041421009165468,-0.2893334595879624,0.6119782467681131,1
325,-1.5714572224651375,0.4978739839098949,-0.48811972871951914,1.8649363049132865,1.3469332756346393,-0.5563385795422576,2.008801396566028,-0.2893334595879624,-1.6340450094117653,1
837,0.8295675466232267,-0.25529769604422264,2.0486776935308284,-0.5362113426423373,-0.74242727393369,-0.5563385795422576,-0.764128356870882,-0.2893334595879624,0.6119782467681131,0
648,0.8295675466232267,-0.25529769604422264,2.0486776935308284,-0.5362113426423373,-0.74242727393369,-0.5563385795422576,-0.8221844065271563,-0.2893334595879624,0.6119782467681131,0
725,0.8295675466232267,-0.7072007040166931,-0.48811972871951914,-0.5362113426423373,-0.74242727393369,-0.5563385795422576,-0.697231961108304,-0.2893334595879624,0.6119782467681131,0
882,0.8295675466232267,-0.5565663680258697,-0.48811972871951914,-0.5362113426423373,1.3469332756346393,-0.5563385795422576,-0.517909961951447,-0.2893334595879624,0.6119782467681131,0
808,-0.3709448379209554,0.7238254878961301,-0.48811972871951914,-0.5362113426423373,-0.74242727393369,-0.5563385795422576,-0.31845046501857954,-0.2893334595879624,0.6119782467681131,0
503,0.8295675466232267,0.5731911519053067,-0.48811972871951914,-0.5362113426423373,1.3469332756346393,-0.5563385795422576,-0.6038436957294201,-0.2893334595879624,0.6119782467681131,0
754,-0.3709448379209554,1.401679999854836,-0.48811972871951914,-0.5362113426423373,1.3469332756346393,1.3329129401751707,1.26550266730295,-0.2893334595879624,0.6119782467681131,1
658,-0.3709448379209554,-0.48124920003045785,-0.48811972871951914,-0.5362113426423373,-0.74242727393369,-0.5563385795422576,-0.31845046501857954,-0.2893334595879624,0.6119782467681131,0
727,0.8295675466232267,-0.5942249520235755,2.0486776935308284,-0.5362113426423373,1.3469332756346393,-0.5563385795422576,-0.8000249361082834,3.456219689987115,-1.6340450094117653,1
672,-0.3709448379209554,3.0586576957538947,-0.48811972871951914,-0.5362113426423373,-0.74242727393369,-0.5563385795422576,-0.5193922982997424,-0.2893334595879624,0.6119782467681131,0
657,0.8295675466232267,0.19660531192824787,-0.48811972871951914,-0.5362113426423373,1.3469332756346393,0.7031624336026945,-0.15061300401178082,3.456219689987115,-1.6340450094117653,0
746,0.8295675466232267,-1.00846937599834,-0.48811972871951914,-0.5362113426423373,-0.74242727393369,0.7031624336026945,0.10782585209876189,-0.2893334595879624,0.6119782467681131,0
72,-0.3709448379209554,-0.6318835360212813,-0.48811972871951914,-0.5362113426423373,-0.74242727393369,-0.5563385795422576,1.3892530514767543,-0.2893334595879624,0.6119782467681131,0
470,0.8295675466232267,-0.25529769604422264,2.0486776935308284,-0.5362113426423373,-0.74242727393369,-0.5563385795422576,-0.8586708396691465,-0.2893334595879624,0.6119782467681131,0
149,-0.3709448379209554,0.9497769918823654,-0.48811972871951914,-0.5362113426423373,-0.74242727393369,-0.5563385795422576,-0.31845046501857954,-0.2893334595879624,0.6119782467681131,0
499,0.8295675466232267,-0.40593203203504613,-0.48811972871951914,-0.5362113426423373,-0.74242727393369,-0.5563385795422576,-0.7932316522910631,-0.2893334595879624,0.6119782467681131,0
141,0.8295675466232267,-0.5565663680258697,-0.48811972871951914,-0.5362113426423373,1.3469332756346393,-0.5563385795422576,-0.7985645905727,-0.2893334595879624,0.6119782467681131,1
661,0.8295675466232267,0.7991426558915419,-0.48811972871951914,-0.5362113426423373,-0.74242727393369,-0.5563385795422576,-0.861771028780618,-0.2893334595879624,-1.6340450094117653,0
305,-1.5714572224651375,-2.144252269369149,-0.48811972871951914,1.8649363049132865,-0.74242727393369,1.3329129401751707,2.121363505056906,-0.2893334595879624,0.6119782467681131,1
285,0.8295675466232267,0.27192247992365964,-0.48811972871951914,-0.5362113426423373,-0.74242727393369,-0.5563385795422576,-0.697231961108304,-0.2893334595879624,-1.6340450094117653,0
675,0.8295675466232267,-0.8578350400075166,-0.48811972871951914,-0.5362113426423373,-0.74242727393369,-0.5563385795422576,-0.7956501477165205,-0.2893334595879624,0.6119782467681131,0
169,0.8295675466232267,-0.10466336005339912,-0.48811972871951914,-0.5362113426423373,-0.74242727393369,-0.5563385795422576,1.12459246563794,-0.2893334595879624,0.6119782467681131,0
594,-0.3709448379209554,0.5731911519053067,-0.48811972871951914,-0.5362113426423373,-0.74242727393369,0.07341192703021844,0.35245740286601845,-0.2893334595879624,0.6119782467681131,0
777,0.8295675466232267,-1.8369582239478695,-0.48811972871951914,-0.5362113426423373,1.3469332756346393,-0.5563385795422576,-0.3574938745348766,-0.2893334595879624,0.6119782467681131,1
780,0.8295675466232267,-1.2344208799845753,-0.48811972871951914,-0.5362113426423373,1.3469332756346393,-0.5563385795422576,-0.861249539007615,-0.2893334595879624,-1.6340450094117653,1
551,-0.3709448379209554,-0.17998052804881087,-0.48811972871951914,-0.5362113426423373,-0.74242727393369,-0.5563385795422576,0.35245740286601845,-0.2893334595879624,0.6119782467681131,0
357,-0.3709448379209554,0.6485083199007183,-0.48811972871951914,-0.5362113426423373,1.3469332756346393,-0.5563385795422576,-0.31845046501857954,-0.2893334595879624,0.6119782467681131,0
845,0.8295675466232267,0.9497769918823654,-0.48811972871951914,-0.5362113426423373,-0.74242727393369,-0.5563385795422576,-0.8221844065271563,-0.2893334595879624,0.6119782467681131,0
348,0.8295675466232267,-1.9875925599386928,-0.48811972871951914,-0.5362113426423373,-0.74242727393369,0.7031624336026945,-0.12614449217037835,-0.2893334595879624,0.6119782467681131,1
399,-0.3709448379209554,-0.10466336005339912,-0.48811972871951914,-0.5362113426423373,1.3469332756346393,-0.5563385795422576,-0.34431289774241064,-0.2893334595879624,0.6119782467681131,1
299,-1.5714572224651375,1.5523143358456595,-0.48811972871951914,1.8649363049132865,1.3469332756346393,0.07341192703021844,2.619895998140905,-0.2893334595879624,-1.6340450094117653,1
857,-1.5714572224651375,1.6276315038410711,-0.48811972871951914,1.8649363049132865,-0.74242727393369,-0.5563385795422576,0.3730568668300722,-0.2893334595879624,0.6119782467681131,1
859,0.8295675466232267,-0.25529769604422264,2.0486776935308284,-0.5362113426423373,-0.74242727393369,-0.5563385795422576,-0.861249539007615,-0.2893334595879624,-1.6340450094117653,0
290,-1.5714572224651375,-0.25529769604422264,-0.48811972871951914,-0.5362113426423373,1.3469332756346393,-0.5563385795422576,1.460095641348597,-0.2893334595879624,0.6119782467681131,1
650,0.8295675466232267,-0.25529769604422264,2.0486776935308284,-0.5362113426423373,-0.74242727393369,-0.5563385795422576,-0.7816835457620395,-0.2893334595879624,0.6119782467681131,0
710,-1.5714572224651375,-0.40593203203504613,-0.48811972871951914,1.8649363049132865,1.3469332756346393,-0.5563385795422576,0.9921479793205206,-0.2893334595879624,-1.6340450094117653,1
621,-1.5714572224651375,0.9497769918823654,-0.48811972871951914,1.8649363049132865,-0.74242727393369,0.07341192703021844,1.0520470904238735,-0.2893334595879624,0.6119782467681131,1
707,-1.5714572224651375,0.9497769918823654,-0.48811972871951914,1.8649363049132865,-0.74242727393369,-0.5563385795422576,0.36327710574366096,-0.2893334595879624,0.6119782467681131,1
384,0.8295675466232267,-0.25529769604422264,2.0486776935308284,-0.5362113426423373,-0.74242727393369,-0.5563385795422576,-0.7816835457620395,-0.2893334595879624,0.6119782467681131,0
450,-0.3709448379209554,0.4978739839098949,-0.48811972871951914,-0.5362113426423373,-0.74242727393369,1.3329129401751707,0.41660924746086797,-0.2893334595879624,0.6119782467681131,0
136,-1.5714572224651375,-0.7825178720121049,-0.48811972871951914,1.8649363049132865,1.3469332756346393,0.7031624336026945,0.3631198660320652,-0.2893334595879624,0.6119782467681131,1
863,0.8295675466232267,-0.5942249520235755,2.0486776935308284,-0.5362113426423373,1.3469332756346393,5.741166486182504,1.3336037112526762,-0.2893334595879624,0.6119782467681131,0
456,-1.5714572224651375,2.6820718557768357,-0.48811972871951914,1.8649363049132865,-0.74242727393369,-0.5563385795422576,0.3730568668300722,-0.2893334595879624,0.6119782467681131,0
22,0.8295675466232267,-1.083786543993752,-0.48811972871951914,-0.5362113426423373,1.3469332756346393,-0.5563385795422576,-0.7664788424189669,3.456219689987115,-1.6340450094117653,1
19,0.8295675466232267,-0.5942249520235755,2.0486776935308284,-0.5362113426423373,1.3469332756346393,-0.5563385795422576,-0.861771028780618,-0.2893334595879624,-1.6340450094117653,1
789,-1.5714572224651375,1.2510456638640124,-0.48811972871951914,1.8649363049132865,-0.74242727393369,-0.5563385795422576,1.4645633652446388,-0.2893334595879624,-1.6340450094117653,0
83,-1.5714572224651375,-0.10466336005339912,-0.48811972871951914,-0.5362113426423373,-0.74242727393369,-0.5563385795422576,0.9423244450473008,-0.2893334595879624,0.6119782467681131,0
259,-0.3709448379209554,1.5523143358456595,-0.48811972871951914,-0.5362113426423373,1.3469332756346393,0.07341192703021844,0.35245740286601845,-0.2893334595879624,0.6119782467681131,1
291,-1.5714572224651375,-0.7825178720121049,-0.48811972871951914,1.8649363049132865,1.3469332756346393,0.07341192703021844,1.605660218555305,-0.2893334595879624,-1.6340450094117653,1
109,0.8295675466232267,-0.5942249520235755,2.0486776935308284,-0.5362113426423373,1.3469332756346393,0.07341192703021844,0.2799515673067741,3.456219689987115,-1.6340450094117653,1
370,-1.5714572224651375,-0.33061486403963436,-0.48811972871951914,1.8649363049132865,-0.74242727393369,0.07341192703021844,1.105690769105584,-0.2893334595879624,-1.6340450094117653,1
829,-1.5714572224651375,2.4561203517906005,-0.48811972871951914,1.8649363049132865,1.3469332756346393,-0.5563385795422576,1.4747025207247262,-0.2893334595879624,0.6119782467681131,1
724,-1.5714572224651375,-0.17998052804881087,-0.48811972871951914,1.8649363049132865,-0.74242727393369,0.07341192703021844,1.0624051771349525,-0.2893334595879624,0.6119782467681131,1
486,-1.5714572224651375,0.42255681591448313,-0.48811972871951914,1.8649363049132865,1.3469332756346393,0.07341192703021844,1.5936170371315883,-0.2893334595879624,0.6119782467681131,1
497,0.8295675466232267,-0.25529769604422264,2.0486776935308284,-0.5362113426423373,-0.74242727393369,-0.5563385795422576,-0.17568202968355895,-0.2893334595879624,0.6119782467681131,0
699,0.8295675466232267,0.9497769918823654,-0.48811972871951914,1.8649363049132865,-0.74242727393369,-0.5563385795422576,-0.8103062316651963,-0.2893334595879624,0.6119782467681131,0
42,0.8295675466232267,-0.25529769604422264,2.0486776935308284,-0.5362113426423373,-0.74242727393369,-0.5563385795422576,-0.7816835457620395,-0.2893334595879624,-1.6340450094117653,0
457,-1.5714572224651375,0.42255681591448313,2.0486776935308284,1.8649363049132865,1.3469332756346393,0.07341192703021844,1.0387674176839135,-0.2893334595879624,0.6119782467681131,1
210,0.8295675466232267,-0.40593203203504613,-0.48811972871951914,-0.5362113426423373,-0.74242727393369,-0.5563385795422576,-0.8837398653409246,-0.2893334595879624,0.6119782467681131,0
127,0.8295675466232267,-0.40593203203504613,-0.48811972871951914,-0.5362113426423373,-0.74242727393369,-0.5563385795422576,-0.8721692941669759,-0.2893334595879624,0.6119782467681131,1
618,-0.3709448379209554,-1.912275391943281,-0.48811972871951914,1.8649363049132865,1.3469332756346393,1.3329129401751707,0.7539549376799682,-0.2893334595879624,0.6119782467681131,1
443,-0.3709448379209554,-0.10466336005339912,-0.48811972871951914,-0.5362113426423373,1.3469332756346393,-0.5563385795422576,-0.31845046501857954,-0.2893334595879624,0.6119782467681131,1
385,-0.3709448379209554,-0.8578350400075166,-0.48811972871951914,-0.5362113426423373,-0.74242727393369,-0.5563385795422576,1.3892530514767543,-0.2893334595879624,0.6119782467681131,0
8,0.8295675466232267,-0.17998052804881087,-0.48811972871951914,-0.5362113426423373,1.3469332756346393,0.7031624336026945,-0.4646324328419364,-0.2893334595879624,0.6119782467681131,1
766,-1.5714572224651375,0.7991426558915419,2.0486776935308284,-0.5362113426423373,-0.74242727393369,-0.5563385795422576,0.7691638269807229,-0.2893334595879624,-1.6340450094117653,0
683,0.8295675466232267,-1.1591037119891636,-0.48811972871951914,-0.5362113426423373,-0.74242727393369,3.8519149664650754,0.9380681408554232,-0.2893334595879624,0.6119782467681131,0
874,-0.3709448379209554,-0.10466336005339912,-0.48811972871951914,-0.5362113426423373,1.3469332756346393,0.07341192703021844,0.2738408121258474,-0.2893334595879624,-1.6340450094117653,1
225,0.8295675466232267,-0.5565663680258697,-0.48811972871951914,-0.5362113426423373,-0.74242727393369,-0.5563385795422576,-0.6270192796576688,-0.2893334595879624,0.6119782467681131,0
248,-1.5714572224651375,0.5731911519053067,-0.48811972871951914,1.8649363049132865,-0.74242727393369,0.7031624336026945,1.0520470904238735,-0.2893334595879624,0.6119782467681131,1
592,0.8295675466232267,1.326362831859424,-0.48811972871951914,-0.5362113426423373,-0.74242727393369,-0.5563385795422576,-0.8586708396691465,-0.2893334595879624,0.6119782467681131,0
760,0.8295675466232267,-0.25529769604422264,2.0486776935308284,-0.5362113426423373,-0.74242727393369,-0.5563385795422576,-0.21447826941323297,-0.2893334595879624,0.6119782467681131,0
342,-0.3709448379209554,-0.10466336005339912,-0.48811972871951914,-0.5362113426423373,-0.74242727393369,-0.5563385795422576,-0.31845046501857954,-0.2893334595879624,0.6119782467681131,0
595,0.8295675466232267,0.4978739839098949,-0.48811972871951914,-0.5362113426423373,-0.74242727393369,0.7031624336026945,0.2799515673067741,-0.2893334595879624,0.6119782467681131,0
762,0.8295675466232267,-0.7072007040166931,-0.48811972871951914,-0.5362113426423373,-0.74242727393369,-0.5563385795422576,-0.861249539007615,-0.2893334595879624,-1.6340450094117653,1
15,-0.3709448379209554,1.9289001758227182,-0.48811972871951914,-0.5362113426423373,1.3469332756346393,-0.5563385795422576,-0.12011785800448285,-0.2893334595879624,0.6119782467681131,1
229,0.8295675466232267,-0.5942249520235755,2.0486776935308284,-0.5362113426423373,1.3469332756346393,1.9626634467476467,0.3320787310803254,-0.2893334595879624,0.6119782467681131,0
243,0.8295675466232267,-0.5565663680258697,-0.48811972871951914,-0.5362113426423373,-0.74242727393369,-0.5563385795422576,-0.8742667384566916,-0.2893334595879624,0.6119782467681131,0
772,-0.3709448379209554,2.0795345118135415,-0.48811972871951914,1.8649363049132865,1.3469332756346393,-0.5563385795422576,-0.5193922982997424,-0.2893334595879624,0.6119782467681131,0
477,0.8295675466232267,-0.02934619205798737,-0.48811972871951914,-0.5362113426423373,-0.74242727393369,0.07341192703021844,-0.8842729669594422,-0.2893334595879624,0.6119782467681131,0
69,0.8295675466232267,-0.25529769604422264,-0.48811972871951914,-0.5362113426423373,-0.74242727393369,0.7031624336026945,-0.697231961108304,-0.2893334595879624,0.6119782467681131,0
563,0.8295675466232267,-0.25529769604422264,2.0486776935308284,-0.5362113426423373,-0.74242727393369,-0.5563385795422576,-0.764128356870882,-0.2893334595879624,0.6119782467681131,0
577,-1.5714572224651375,0.7238254878961301,-0.48811972871951914,1.8649363049132865,1.3469332756346393,0.07341192703021844,1.1139518289778656,-0.2893334595879624,0.6119782467681131,1
519,0.8295675466232267,0.19660531192824787,-0.48811972871951914,-0.5362113426423373,-0.74242727393369,-0.5563385795422576,-0.7816835457620395,-0.2893334595879624,0.6119782467681131,0
79,0.8295675466232267,0.04597097593742438,-0.48811972871951914,-0.5362113426423373,1.3469332756346393,-0.5563385795422576,-0.3574938745348766,-0.2893334595879624,0.6119782467681131,1
61,-1.5714572224651375,0.6485083199007183,-0.48811972871951914,1.8649363049132865,1.3469332756346393,-0.5563385795422576,1.4747025207247262,-0.2893334595879624,0.6119782467681131,1
738,0.8295675466232267,-0.25529769604422264,2.0486776935308284,-0.5362113426423373,-0.74242727393369,-0.5563385795422576,-0.7816835457620395,-0.2893334595879624,0.6119782467681131,0
786,0.8295675466232267,-0.8578350400075166,-0.48811972871951914,-0.5362113426423373,1.3469332756346393,-0.5563385795422576,-0.8286805652778512,-0.2893334595879624,0.6119782467681131,1
615,-0.3709448379209554,-0.40593203203504613,-0.48811972871951914,-0.5362113426423373,1.3469332756346393,1.3329129401751707,1.26550266730295,-0.2893334595879624,0.6119782467681131,1
10,0.8295675466232267,-1.912275391943281,-0.48811972871951914,1.8649363049132865,1.3469332756346393,0.7031624336026945,-0.07889854445074788,-0.2893334595879624,0.6119782467681131,1
376,0.8295675466232267,-0.5565663680258697,-0.48811972871951914,-0.5362113426423373,1.3469332756346393,-0.5563385795422576,-0.8586708396691465,-0.2893334595879624,0.6119782467681131,1
28,0.8295675466232267,-0.5942249520235755,2.0486776935308284,-0.5362113426423373,1.3469332756346393,-0.5563385795422576,-0.783591517216028,3.456219689987115,-1.6340450094117653,1
398,-0.3709448379209554,-0.48124920003045785,-0.48811972871951914,-0.5362113426423373,-0.74242727393369,-0.5563385795422576,-0.5193922982997424,-0.2893334595879624,0.6119782467681131,0
688,0.8295675466232267,-0.8578350400075166,-0.48811972871951914,-0.5362113426423373,-0.74242727393369,-0.5563385795422576,-0.7932316522910631,-0.2893334595879624,0.6119782467681131,0
270,-1.5714572224651375,0.7991426558915419,2.0486776935308284,-0.5362113426423373,-0.74242727393369,-0.5563385795422576,0.5260112275767236,-0.2893334595879624,0.6119782467681131,0
881,0.8295675466232267,0.27192247992365964,-0.48811972871951914,-0.5362113426423373,-0.74242727393369,-0.5563385795422576,-0.7816835457620395,-0.2893334595879624,0.6119782467681131,0
237,-0.3709448379209554,-1.611006719961634,-0.48811972871951914,-0.5362113426423373,1.3469332756346393,0.7031624336026945,0.36187232230682326,-0.2893334595879624,0.6119782467681131,1
0,0.8295675466232267,-0.5565663680258697,-0.48811972871951914,-0.5362113426423373,-0.74242727393369,0.07341192703021844,-0.8586708396691465,-0.2893334595879624,0.6119782467681131,0
572,-1.5714572224651375,0.4978739839098949,-0.48811972871951914,1.8649363049132865,-0.74242727393369,-0.5563385795422576,0.36701377759449577,-0.2893334595879624,0.6119782467681131,1
666,-0.3709448379209554,-0.33061486403963436,-0.48811972871951914,-0.5362113426423373,-0.74242727393369,-0.5563385795422576,-0.31845046501857954,-0.2893334595879624,0.6119782467681131,0
283,0.8295675466232267,-0.7825178720121049,-0.48811972871951914,-0.5362113426423373,-0.74242727393369,-0.5563385795422576,-0.764128356870882,-0.2893334595879624,0.6119782467681131,1
888,0.8295675466232267,-0.5942249520235755,2.0486776935308284,-0.5362113426423373,1.3469332756346393,1.3329129401751707,0.2511166661350999,-0.2893334595879624,0.6119782467681131,0
390,-1.5714572224651375,0.4978739839098949,-0.48811972871951914,1.8649363049132865,-0.74242727393369,1.3329129401751707,1.884677378283859,-0.2893334595879624,0.6119782467681131,1
529,-0.3709448379209554,-0.48124920003045785,-0.48811972871951914,-0.5362113426423373,-0.74242727393369,1.3329129401751707,-0.4342170235315178,-0.2893334595879624,0.6119782467681131,0
567,0.8295675466232267,-0.02934619205798737,-0.48811972871951914,-0.5362113426423373,1.3469332756346393,1.9626634467476467,0.14673405261200848,-0.2893334595879624,0.6119782467681131,0
172,0.8295675466232267,-2.1382268959295163,-0.48811972871951914,-0.5362113426423373,1.3469332756346393,0.7031624336026945,-0.4646324328419364,-0.2893334595879624,0.6119782467681131,1
847,0.8295675466232267,0.42255681591448313,-0.48811972871951914,-0.5362113426423373,-0.74242727393369,-0.5563385795422576,-0.7816835457620395,-0.2893334595879624,-1.6340450094117653,0
117,-0.3709448379209554,-0.02934619205798737,-0.48811972871951914,-0.5362113426423373,-0.74242727393369,0.07341192703021844,0.14325754944424307,-0.2893334595879624,0.6119782467681131,0
236,-0.3709448379209554,1.1004113278731888,-0.48811972871951914,-0.5362113426423373,-0.74242727393369,0.07341192703021844,0.35245740286601845,-0.2893334595879624,0.6119782467681131,0
741,-1.5714572224651375,0.4978739839098949,-0.48811972871951914,1.8649363049132865,-0.74242727393369,0.07341192703021844,1.460095641348597,-0.2893334595879624,0.6119782467681131,0
601,0.8295675466232267,-0.25529769604422264,2.0486776935308284,-0.5362113426423373,-0.74242727393369,-0.5563385795422576,-0.7816835457620395,-0.2893334595879624,0.6119782467681131,0
825,0.8295675466232267,-0.25529769604422264,2.0486776935308284,-0.5362113426423373,-0.74242727393369,-0.5563385795422576,-0.8965089257085312,3.456219689987115,-1.6340450094117653,0
391,0.8295675466232267,-0.6318835360212813,-0.48811972871951914,-0.5362113426423373,-0.74242727393369,-0.5563385795422576,-0.7932316522910631,-0.2893334595879624,0.6119782467681131,1
282,0.8295675466232267,-1.00846937599834,-0.48811972871951914,-0.5362113426423373,-0.74242727393369,-0.5563385795422576,-0.612321018474603,-0.2893334595879624,0.6119782467681131,0
720,-0.3709448379209554,-1.7616410559524576,-0.48811972871951914,-0.5362113426423373,1.3469332756346393,0.07341192703021844,0.5879399776528828,-0.2893334595879624,0.6119782467681131,1
429,0.8295675466232267,0.19660531192824787,-0.48811972871951914,1.8649363049132865,-0.74242727393369,-0.5563385795422576,-0.764128356870882,-0.2893334595879624,0.6119782467681131,1
822,-1.5714572224651375,0.6485083199007183,-0.48811972871951914,-0.5362113426423373,-0.74242727393369,-0.5563385795422576,-3.0142779507101043,-0.2893334595879624,0.6119782467681131,0
312,-0.3709448379209554,-0.25529769604422264,-0.48811972871951914,-0.5362113426423373,1.3469332756346393,0.7031624336026945,0.35245740286601845,-0.2893334595879624,0.6119782467681131,0
496,-1.5714572224651375,1.8535830078273063,-0.48811972871951914,1.8649363049132865,1.3469332756346393,0.07341192703021844,1.452606165466932,-0.2893334595879624,-1.6340450094117653,1
185,-1.5714572224651375,0.7991426558915419,2.0486776935308284,1.8649363049132865,-0.74242727393369,-0.5563385795422576,1.0021272598542246,-0.2893334595879624,0.6119782467681131,0
30,-1.5714572224651375,0.7991426558915419,-0.48811972871951914,-0.5362113426423373,-0.74242727393369,-0.5563385795422576,0.4155712198298227,-0.2893334595879624,-1.6340450094117653,0
288,-0.3709448379209554,0.9497769918823654,-0.48811972871951914,-0.5362113426423373,-0.74242727393369,-0.5563385795422576,-0.31845046501857954,-0.2893334595879624,0.6119782467681131,1
281,0.8295675466232267,-0.10466336005339912,-0.48811972871951914,-0.5362113426423373,-0.74242727393369,-0.5563385795422576,-0.7864717099734808,-0.2893334595879624,0.6119782467681131,0
3,-1.5714572224651375,0.42255681591448313,-0.48811972871951914,1.8649363049132865,1.3469332756346393,0.07341192703021844,1.0624051771349525,-0.2893334595879624,0.6119782467681131,1
371,0.8295675466232267,-0.8578350400075166,-0.48811972871951914,-0.5362113426423373,-0.74242727393369,0.07341192703021844,-0.9566034937793896,-0.2893334595879624,0.6119782467681131,0
834,0.8295675466232267,-0.8578350400075166,-0.48811972871951914,-0.5362113426423373,-0.74242727393369,-0.5563385795422576,-0.7362925329725012,-0.2893334595879624,0.6119782467681131,0
182,0.8295675466232267,-1.5356895519662224,-0.48811972871951914,-0.5362113426423373,-0.74242727393369,3.2221644598925994,0.5383067972520411,-0.2893334595879624,0.6119782467681131,0
189,0.8295675466232267,0.4978739839098949,-0.48811972871951914,-0.5362113426423373,-0.74242727393369,-0.5563385795422576,-0.7816835457620395,-0.2893334595879624,0.6119782467681131,0
642,0.8295675466232267,-2.0629097279341044,-0.48811972871951914,-0.5362113426423373,1.3469332756346393,2.592413953320123,0.42192501762579687,-0.2893334595879624,0.6119782467681131,0
884,0.8295675466232267,-0.33061486403963436,-0.48811972871951914,-0.5362113426423373,-0.74242727393369,-0.5563385795422576,-0.8837398653409246,-0.2893334595879624,0.6119782467681131,0
582,-0.3709448379209554,1.8535830078273063,-0.48811972871951914,-0.5362113426423373,-0.74242727393369,-0.5563385795422576,0.35245740286601845,-0.2893334595879624,0.6119782467681131,0
147,0.8295675466232267,-1.5356895519662224,-0.48811972871951914,-0.5362113426423373,1.3469332756346393,1.9626634467476467,0.6284376299062636,-0.2893334595879624,0.6119782467681131,0
630,-1.5714572224651375,3.811829375708012,-0.48811972871951914,1.8649363049132865,-0.74242727393369,-0.5563385795422576,0.4935795662441327,-0.2893334595879624,0.6119782467681131,1
609,-1.5714572224651375,0.7991426558915419,-0.48811972871951914,1.8649363049132865,1.3469332756346393,-0.5563385795422576,2.1340904531044806,-0.2893334595879624,0.6119782467681131,1
337,-1.5714572224651375,0.8744598238869536,-0.48811972871951914,1.8649363049132865,1.3469332756346393,-0.5563385795422576,2.0002931713138046,-0.2893334595879624,-1.6340450094117653,1
316,-0.3709448379209554,-0.40593203203504613,-0.48811972871951914,-0.5362113426423373,1.3469332756346393,0.07341192703021844,0.35245740286601845,-0.2893334595879624,0.6119782467681131,1
80,0.8295675466232267,-0.5565663680258697,-0.48811972871951914,-0.5362113426423373,-0.74242727393369,-0.5563385795422576,-0.6621607336347626,-0.2893334595879624,0.6119782467681131,0
781,-1.5714572224651375,-0.9331522080029284,-0.48811972871951914,1.8649363049132865,1.3469332756346393,0.07341192703021844,1.1335113940219048,-0.2893334595879624,0.6119782467681131,1
167,0.8295675466232267,1.1757284958686007,-0.48811972871951914,-0.5362113426423373,1.3469332756346393,2.592413953320123,0.42192501762579687,-0.2893334595879624,0.6119782467681131,0
131,0.8295675466232267,-0.7072007040166931,-0.48811972871951914,-0.5362113426423373,-0.74242727393369,-0.5563385795422576,-0.8837398653409246,-0.2893334595879624,0.6119782467681131,0
591,-1.5714572224651375,1.7029486718364828,-0.48811972871951914,1.8649363049132865,1.3469332756346393,0.07341192703021844,1.452606165466932,-0.2893334595879624,-1.6340450094117653,1
363,0.8295675466232267,0.42255681591448313,-0.48811972871951914,-0.5362113426423373,-0.74242727393369,-0.5563385795422576,-0.8837398653409246,-0.2893334595879624,0.6119782467681131,0
798,0.8295675466232267,0.04597097593742438,-0.48811972871951914,-0.5362113426423373,-0.74242727393369,-0.5563385795422576,-0.861249539007615,-0.2893334595879624,-1.6340450094117653,0
48,0.8295675466232267,-0.25529769604422264,2.0486776935308284,-0.5362113426423373,-0.74242727393369,0.7031624336026945,0.17431737513476167,-0.2893334595879624,-1.6340450094117653,0
224,-1.5714572224651375,0.6485083199007183,-0.48811972871951914,1.8649363049132865,-0.74242727393369,0.07341192703021844,1.5936170371315883,-0.2893334595879624,0.6119782467681131,1
240,0.8295675466232267,-0.5942249520235755,2.0486776935308284,-0.5362113426423373,1.3469332756346393,0.07341192703021844,-0.2175011394684283,-0.2893334595879624,-1.6340450094117653,0
806,-1.5714572224651375,0.7238254878961301,-0.48811972871951914,1.8649363049132865,-0.74242727393369,-0.5563385795422576,-3.0142779507101043,-0.2893334595879624,0.6119782467681131,0
215,-1.5714572224651375,0.12128814393283613,-0.48811972871951914,1.8649363049132865,1.3469332756346393,0.07341192703021844,1.8262645691834054,-0.2893334595879624,-1.6340450094117653,1
478,0.8295675466232267,-0.5565663680258697,-0.48811972871951914,-0.5362113426423373,-0.74242727393369,-0.5563385795422576,-0.8256790483381743,-0.2893334595879624,0.6119782467681131,0
840,0.8295675466232267,-0.7072007040166931,-0.48811972871951914,-0.5362113426423373,-0.74242727393369,-0.5563385795422576,-0.7783359785016885,-0.2893334595879624,0.6119782467681131,0
708,-1.5714572224651375,-0.5565663680258697,-0.48811972871951914,-0.5362113426423373,1.3469332756346393,-0.5563385795422576,2.121363505056906,-0.2893334595879624,0.6119782467681131,1
315,0.8295675466232267,-0.25529769604422264,-0.48811972871951914,-0.5362113426423373,1.3469332756346393,-0.5563385795422576,-0.7864717099734808,-0.2893334595879624,0.6119782467681131,1
875,0.8295675466232267,-1.083786543993752,-0.48811972871951914,-0.5362113426423373,1.3469332756346393,-0.5563385795422576,-0.861771028780618,-0.2893334595879624,-1.6340450094117653,1
206,0.8295675466232267,0.19660531192824787,-0.48811972871951914,-0.5362113426423373,-0.74242727393369,0.07341192703021844,-0.12917119520889705,-0.2893334595879624,0.6119782467681131,0
257,-1.5714572224651375,0.04597097593742438,-0.48811972871951914,1.8649363049132865,1.3469332756346393,-0.5563385795422576,1.5535526265026416,-0.2893334595879624,0.6119782467681131,1
98,-0.3709448379209554,0.34723964791907136,-0.48811972871951914,-0.5362113426423373,1.3469332756346393,0.07341192703021844,0.2321406741207001,-0.2893334595879624,0.6119782467681131,1
573,0.8295675466232267,-0.5942249520235755,2.0486776935308284,-0.5362113426423373,1.3469332756346393,-0.5563385795422576,-0.7985645905727,3.456219689987115,-1.6340450094117653,1
788,0.8295675466232267,-2.1382268959295163,-0.48811972871951914,-0.5362113426423373,-0.74242727393369,1.3329129401751707,0.12333070302064068,-0.2893334595879624,0.6119782467681131,1
562,-0.3709448379209554,-0.10466336005339912,-0.48811972871951914,-0.5362113426423373,-0.74242727393369,-0.5563385795422576,-0.2826042772928261,-0.2893334595879624,0.6119782467681131,0
520,-1.5714572224651375,0.04597097593742438,-0.48811972871951914,1.8649363049132865,1.3469332756346393,-0.5563385795422576,1.6321692172428122,-0.2893334595879624,0.6119782467681131,1
212,0.8295675466232267,-0.5565663680258697,-0.48811972871951914,-0.5362113426423373,-0.74242727393369,-0.5563385795422576,-0.8586708396691465,-0.2893334595879624,0.6119782467681131,0
436,0.8295675466232267,-0.6318835360212813,-0.48811972871951914,-0.5362113426423373,1.3469332756346393,1.9626634467476467,0.6284376299062636,-0.2893334595879624,0.6119782467681131,0
292,-0.3709448379209554,0.4978739839098949,-0.48811972871951914,1.8649363049132865,-0.74242727393369,-0.5563385795422576,-0.3276120647982806,-0.2893334595879624,-1.6340450094117653,0
561,0.8295675466232267,0.7991426558915419,-0.48811972871951914,-0.5362113426423373,-0.74242727393369,-0.5563385795422576,-0.7816835457620395,-0.2893334595879624,0.6119782467681131,0
827,-0.3709448379209554,-2.1382268959295163,-0.48811972871951914,-0.5362113426423373,-0.74242727393369,0.7031624336026945,0.7016711438122788,-0.2893334595879624,-1.6340450094117653,1
188,0.8295675466232267,0.7991426558915419,-0.48811972871951914,-0.5362113426423373,-0.74242727393369,0.7031624336026945,-0.15061300401178082,3.456219689987115,-1.6340450094117653,0
100,0.8295675466232267,-0.10466336005339912,-0.48811972871951914,-0.5362113426423373,1.3469332756346393,-0.5563385795422576,-0.7816835457620395,-0.2893334595879624,0.6119782467681131,0
346,-0.3709448379209554,0.7991426558915419,-0.48811972871951914,-0.5362113426423373,1.3469332756346393,-0.5563385795422576,-0.31845046501857954,-0.2893334595879624,0.6119782467681131,1
697,0.8295675466232267,-0.5942249520235755,2.0486776935308284,-0.5362113426423373,1.3469332756346393,-0.5563385795422576,-0.8005160811618522,3.456219689987115,-1.6340450094117653,1
321,0.8295675466232267,-0.17998052804881087,-0.48811972871951914,-0.5362113426423373,-0.74242727393369,-0.5563385795422576,-0.7816835457620395,-0.2893334595879624,0.6119782467681131,0
310,-1.5714572224651375,-0.40593203203504613,-0.48811972871951914,1.8649363049132865,1.3469332756346393,-0.5563385795422576,1.5137757396563798,-0.2893334595879624,-1.6340450094117653,1
58,-0.3709448379209554,-1.8369582239478695,-0.48811972871951914,-0.5362113426423373,1.3469332756346393,1.3329129401751707,0.41660924746086797,-0.2893334595879624,0.6119782467681131,1
202,0.8295675466232267,0.34723964791907136,-0.48811972871951914,-0.5362113426423373,-0.74242727393369,-0.5563385795422576,-0.9566034937793896,-0.2893334595879624,0.6119782467681131,0
393,-1.5714572224651375,-0.48124920003045785,-0.48811972871951914,1.8649363049132865,1.3469332756346393,0.07341192703021844,1.8262645691834054,-0.2893334595879624,-1.6340450094117653,1
116,0.8295675466232267,3.0963162797516004,-0.48811972871951914,-0.5362113426423373,-0.74242727393369,-0.5563385795422576,-0.7985645905727,3.456219689987115,-1.6340450094117653,0
68,0.8295675466232267,-0.9331522080029284,-0.48811972871951914,-0.5362113426423373,1.3469332756346393,3.2221644598925994,-0.7783359785016885,-0.2893334595879624,0.6119782467681131,1
329,-1.5714572224651375,-1.00846937599834,-0.48811972871951914,1.8649363049132865,1.3469332756346393,0.07341192703021844,1.150613365173043,-0.2893334595879624,-1.6340450094117653,1
67,0.8295675466232267,-0.7825178720121049,-0.48811972871951914,-0.5362113426423373,-0.74242727393369,-0.5563385795422576,-0.7519766454973198,-0.2893334595879624,0.6119782467681131,0
785,0.8295675466232267,-0.33061486403963436,-0.48811972871951914,-0.5362113426423373,-0.74242727393369,-0.5563385795422576,-0.8586708396691465,-0.2893334595879624,0.6119782467681131,0
498,-1.5714572224651375,-0.33061486403963436,-0.48811972871951914,1.8649363049132865,1.3469332756346393,1.3329129401751707,2.121363505056906,-0.2893334595879624,0.6119782467681131,0
35,-1.5714572224651375,0.9497769918823654,-0.48811972871951914,-0.5362113426423373,-0.74242727393369,0.07341192703021844,1.041421009165468,-0.2893334595879624,0.6119782467681131,0
173,0.8295675466232267,-0.6318835360212813,-0.48811972871951914,-0.5362113426423373,-0.74242727393369,-0.5563385795422576,-0.7783359785016885,-0.2893334595879624,0.6119782467681131,0
223,0.8295675466232267,-0.25529769604422264,2.0486776935308284,-0.5362113426423373,-0.74242727393369,-0.5563385795422576,-0.7816835457620395,-0.2893334595879624,0.6119782467681131,0
277,-0.3709448379209554,0.04597097593742438,2.0486776935308284,-0.5362113426423373,-0.74242727393369,-0.5563385795422576,-3.0142779507101043,-0.2893334595879624,0.6119782467681131,0
689,-1.5714572224651375,-1.083786543993752,-0.48811972871951914,1.8649363049132865,1.3469332756346393,0.07341192703021844,2.459161614470024,-0.2893334595879624,0.6119782467681131,1
129,0.8295675466232267,1.1757284958686007,-0.48811972871951914,-0.5362113426423373,-0.74242727393369,-0.5563385795422576,-0.8933016655285518,-0.2893334595879624,0.6119782467681131,0
451,0.8295675466232267,-0.25529769604422264,2.0486776935308284,-0.5362113426423373,-0.74242727393369,0.07341192703021844,0.09411570611007708,-0.2893334595879624,0.6119782467681131,0
267,0.8295675466232267,-0.33061486403963436,-0.48811972871951914,-0.5362113426423373,-0.74242727393369,0.07341192703021844,-0.7956501477165205,-0.2893334595879624,0.6119782467681131,1
872,-1.5714572224651375,0.27192247992365964,-0.48811972871951914,1.8649363049132865,-0.74242727393369,-0.5563385795422576,-1.1839749971940312,-0.2893334595879624,0.6119782467681131,0
635,-0.3709448379209554,-0.10466336005339912,-0.48811972871951914,-0.5362113426423373,1.3469332756346393,-0.5563385795422576,-0.31845046501857954,-0.2893334595879624,0.6119782467681131,1
665,-0.3709448379209554,0.19660531192824787,-0.48811972871951914,-0.5362113426423373,-0.74242727393369,0.7031624336026945,1.3892530514767543,-0.2893334595879624,0.6119782467681131,0
889,-1.5714572224651375,-0.25529769604422264,-0.48811972871951914,1.8649363049132865,-0.74242727393369,-0.5563385795422576,0.4935795662441327,-0.2893334595879624,-1.6340450094117653,1
104,0.8295675466232267,0.5731911519053067,-0.48811972871951914,-0.5362113426423373,-0.74242727393369,0.7031624336026945,-0.7783359785016885,-0.2893334595879624,0.6119782467681131,0
177,-1.5714572224651375,1.5523143358456595,-0.48811972871951914,1.8649363049132865,1.3469332756346393,-0.5563385795422576,0.45024768893408706,-0.2893334595879624,-1.6340450094117653,0
544,-1.5714572224651375,1.5523143358456595,-0.48811972871951914,1.8649363049132865,-0.74242727393369,0.07341192703021844,1.7631199417813546,-0.2893334595879624,-1.6340450094117653,0
680,0.8295675466232267,-0.5942249520235755,2.0486776935308284,-0.5362113426423373,1.3469332756346393,-0.5563385795422576,-0.7542993041337079,3.456219689987115,-1.6340450094117653,0
476,-0.3709448379209554,0.34723964791907136,-0.48811972871951914,-0.5362113426423373,-0.74242727393369,0.07341192703021844,0.14325754944424307,-0.2893334595879624,0.6119782467681131,0
359,0.8295675466232267,-0.5942249520235755,2.0486776935308284,-0.5362113426423373,1.3469332756346393,-0.5563385795422576,-0.783591517216028,3.456219689987115,-1.6340450094117653,1
258,-1.5714572224651375,0.42255681591448313,-0.48811972871951914,-0.5362113426423373,1.3469332756346393,-0.5563385795422576,3.360891073504163,-0.2893334595879624,-1.6340450094117653,1
736,0.8295675466232267,1.401679999854836,-0.48811972871951914,-0.5362113426423373,1.3469332756346393,1.9626634467476467,0.6284376299062636,-0.2893334595879624,0.6119782467681131,0
462,-1.5714572224651375,1.326362831859424,-0.48811972871951914,1.8649363049132865,-0.74242727393369,-0.5563385795422576,0.7411055666453782,-0.2893334595879624,0.6119782467681131,0
507,-1.5714572224651375,0.7991426558915419,2.0486776935308284,-0.5362113426423373,-0.74242727393369,-0.5563385795422576,0.3730568668300722,-0.2893334595879624,0.6119782467681131,1
